"user_id","page"
128,"page_5_mobile"
1324,"page_2_mobile"
1343,"page_6_mobile"
930,"page_3_mobile"
1008,"page_6_mobile"
87,"page_1_mobile"
1729,"page_3_mobile"
1184,"page_5_mobile"
1961,"page_1_mobile"
736,"page_3_mobile"
1871,"page_2_mobile"
976,"page_1_mobile"
1662,"page_7_mobile"
748,"page_8_mobile"
1410,"page_1_mobile"
429,"page_5_mobile"
1445,"page_6_mobile"
293,"page_7_mobile"
1102,"page_1_mobile"
306,"page_4_mobile"
1793,"page_3_mobile"
892,"page_5_mobile"
1337,"page_3_mobile"
238,"page_5_mobile"
277,"page_2_mobile"
155,"page_1_mobile"
690,"page_2_mobile"
1468,"page_6_mobile"
964,"page_7_mobile"
778,"page_5_mobile"
785,"page_4_mobile"
607,"page_8_mobile"
629,"page_1_mobile"
1239,"page_2_mobile"
35,"page_8_mobile"
1402,"page_7_mobile"
971,"page_5_mobile"
863,"page_8_mobile"
229,"page_4_mobile"
876,"page_4_mobile"
209,"page_3_mobile"
1264,"page_1_mobile"
1176,"page_5_mobile"
1437,"page_1_mobile"
511,"page_3_mobile"
490,"page_3_mobile"
472,"page_4_mobile"
1241,"page_1_mobile"
1219,"page_6_mobile"
1943,"page_4_mobile"
857,"page_7_mobile"
898,"page_3_mobile"
36,"page_7_mobile"
1258,"page_3_mobile"
1724,"page_6_mobile"
653,"page_4_mobile"
1622,"page_2_mobile"
1271,"page_3_mobile"
1173,"page_8_mobile"
19,"page_8_mobile"
44,"page_2_mobile"
656,"page_7_mobile"
542,"page_2_mobile"
733,"page_8_mobile"
1341,"page_3_mobile"
301,"page_8_mobile"
1587,"page_8_mobile"
719,"page_7_mobile"
404,"page_8_mobile"
1659,"page_8_mobile"
225,"page_3_mobile"
119,"page_6_mobile"
1154,"page_5_mobile"
1834,"page_7_mobile"
1551,"page_4_mobile"
1629,"page_6_mobile"
398,"page_3_mobile"
477,"page_4_mobile"
1075,"page_7_mobile"
590,"page_4_mobile"
1777,"page_4_mobile"
767,"page_1_mobile"
115,"page_7_mobile"
368,"page_5_mobile"
21,"page_6_mobile"
1113,"page_4_mobile"
846,"page_6_mobile"
1846,"page_6_mobile"
1261,"page_3_mobile"
957,"page_6_mobile"
383,"page_6_mobile"
418,"page_5_mobile"
634,"page_7_mobile"
1984,"page_2_mobile"
1498,"page_8_mobile"
1820,"page_1_mobile"
1645,"page_1_mobile"
971,"page_6_mobile"
683,"page_2_mobile"
1280,"page_6_mobile"
1972,"page_2_mobile"
1255,"page_6_mobile"
1421,"page_8_mobile"
1733,"page_8_mobile"
813,"page_5_mobile"
84,"page_6_mobile"
768,"page_6_mobile"
1833,"page_7_mobile"
1163,"page_3_mobile"
871,"page_3_mobile"
1980,"page_2_mobile"
492,"page_2_mobile"
1141,"page_1_mobile"
357,"page_4_mobile"
939,"page_7_mobile"
161,"page_5_mobile"
106,"page_2_mobile"
598,"page_2_mobile"
446,"page_5_mobile"
1283,"page_7_mobile"
972,"page_8_mobile"
1299,"page_2_mobile"
455,"page_4_mobile"
758,"page_2_mobile"
209,"page_6_mobile"
1616,"page_3_mobile"
509,"page_5_mobile"
886,"page_4_mobile"
1665,"page_8_mobile"
480,"page_7_mobile"
1303,"page_7_mobile"
1577,"page_1_mobile"
257,"page_8_mobile"
1006,"page_3_mobile"
109,"page_6_mobile"
1419,"page_5_mobile"
50,"page_5_mobile"
939,"page_4_mobile"
1090,"page_3_mobile"
52,"page_8_mobile"
232,"page_4_mobile"
605,"page_5_mobile"
1452,"page_4_mobile"
444,"page_8_mobile"
389,"page_1_mobile"
1705,"page_2_mobile"
638,"page_4_mobile"
1214,"page_7_mobile"
782,"page_7_mobile"
1199,"page_3_mobile"
1984,"page_5_mobile"
1805,"page_5_mobile"
588,"page_3_mobile"
440,"page_1_mobile"
339,"page_5_mobile"
275,"page_6_mobile"
685,"page_1_mobile"
1460,"page_6_mobile"
501,"page_1_mobile"
1999,"page_1_mobile"
201,"page_2_mobile"
1894,"page_7_mobile"
1447,"page_4_mobile"
994,"page_3_mobile"
846,"page_6_mobile"
363,"page_7_mobile"
273,"page_5_mobile"
388,"page_8_mobile"
659,"page_1_mobile"
534,"page_2_mobile"
57,"page_1_mobile"
214,"page_3_mobile"
1797,"page_8_mobile"
1366,"page_4_mobile"
316,"page_7_mobile"
885,"page_3_mobile"
1518,"page_4_mobile"
1557,"page_8_mobile"
47,"page_7_mobile"
1219,"page_6_mobile"
1872,"page_3_mobile"
584,"page_6_mobile"
834,"page_1_mobile"
1233,"page_2_mobile"
56,"page_7_mobile"
290,"page_2_mobile"
1755,"page_4_mobile"
188,"page_5_mobile"
586,"page_4_mobile"
1512,"page_8_mobile"
1895,"page_2_mobile"
675,"page_7_mobile"
1508,"page_6_mobile"
409,"page_2_mobile"
1483,"page_3_mobile"
903,"page_2_mobile"
1877,"page_3_mobile"
286,"page_6_mobile"
1179,"page_4_mobile"
1174,"page_2_mobile"
229,"page_2_mobile"
554,"page_3_mobile"
149,"page_1_mobile"
722,"page_5_mobile"
414,"page_5_mobile"
1871,"page_7_mobile"
1225,"page_7_mobile"
487,"page_5_mobile"
1579,"page_5_mobile"
397,"page_2_mobile"
1061,"page_4_mobile"
1757,"page_2_mobile"
1885,"page_7_mobile"
1993,"page_1_mobile"
757,"page_7_mobile"
767,"page_6_mobile"
1748,"page_6_mobile"
511,"page_6_mobile"
1318,"page_7_mobile"
1321,"page_4_mobile"
1815,"page_2_mobile"
1761,"page_1_mobile"
307,"page_4_mobile"
1333,"page_4_mobile"
418,"page_3_mobile"
1175,"page_3_mobile"
463,"page_1_mobile"
1824,"page_7_mobile"
1687,"page_8_mobile"
154,"page_5_mobile"
940,"page_2_mobile"
253,"page_4_mobile"
1560,"page_2_mobile"
1765,"page_2_mobile"
989,"page_2_mobile"
1450,"page_8_mobile"
1503,"page_4_mobile"
478,"page_7_mobile"
723,"page_3_mobile"
49,"page_2_mobile"
1007,"page_5_mobile"
1146,"page_4_mobile"
1755,"page_4_mobile"
336,"page_2_mobile"
550,"page_6_mobile"
1271,"page_6_mobile"
982,"page_2_mobile"
1264,"page_6_mobile"
1370,"page_7_mobile"
1896,"page_8_mobile"
1000,"page_5_mobile"
1074,"page_4_mobile"
252,"page_5_mobile"
1459,"page_8_mobile"
956,"page_1_mobile"
429,"page_4_mobile"
1822,"page_3_mobile"
1988,"page_7_mobile"
297,"page_3_mobile"
510,"page_5_mobile"
465,"page_7_mobile"
1138,"page_5_mobile"
74,"page_7_mobile"
1224,"page_8_mobile"
1458,"page_2_mobile"
655,"page_2_mobile"
719,"page_2_mobile"
624,"page_7_mobile"
1311,"page_8_mobile"
992,"page_4_mobile"
830,"page_5_mobile"
124,"page_3_mobile"
669,"page_3_mobile"
1660,"page_3_mobile"
1052,"page_6_mobile"
1404,"page_6_mobile"
1773,"page_6_mobile"
1805,"page_7_mobile"
962,"page_5_mobile"
322,"page_4_mobile"
1516,"page_7_mobile"
1799,"page_1_mobile"
1417,"page_8_mobile"
1611,"page_7_mobile"
538,"page_3_mobile"
591,"page_5_mobile"
723,"page_5_mobile"
1964,"page_7_mobile"
635,"page_5_mobile"
810,"page_5_mobile"
252,"page_2_mobile"
114,"page_6_mobile"
48,"page_7_mobile"
1978,"page_1_mobile"
307,"page_1_mobile"
34,"page_7_mobile"
1098,"page_2_mobile"
1051,"page_7_mobile"
612,"page_5_mobile"
898,"page_5_mobile"
332,"page_3_mobile"
1579,"page_4_mobile"
1408,"page_2_mobile"
371,"page_7_mobile"
1222,"page_7_mobile"
102,"page_6_mobile"
1995,"page_3_mobile"
157,"page_7_mobile"
1041,"page_7_mobile"
1024,"page_5_mobile"
1982,"page_7_mobile"
678,"page_7_mobile"
1517,"page_6_mobile"
483,"page_7_mobile"
1782,"page_8_mobile"
1126,"page_7_mobile"
763,"page_3_mobile"
1807,"page_4_mobile"
1205,"page_4_mobile"
1051,"page_2_mobile"
666,"page_3_mobile"
1086,"page_4_mobile"
157,"page_6_mobile"
312,"page_7_mobile"
569,"page_8_mobile"
383,"page_2_mobile"
889,"page_5_mobile"
1755,"page_1_mobile"
1914,"page_6_mobile"
768,"page_2_mobile"
619,"page_8_mobile"
585,"page_5_mobile"
1394,"page_6_mobile"
1252,"page_1_mobile"
756,"page_7_mobile"
637,"page_3_mobile"
1711,"page_1_mobile"
1327,"page_1_mobile"
370,"page_8_mobile"
419,"page_7_mobile"
148,"page_7_mobile"
368,"page_6_mobile"
1930,"page_4_mobile"
152,"page_8_mobile"
880,"page_8_mobile"
1490,"page_7_mobile"
1276,"page_1_mobile"
576,"page_6_mobile"
1716,"page_6_mobile"
719,"page_3_mobile"
1937,"page_1_mobile"
476,"page_3_mobile"
1114,"page_5_mobile"
933,"page_4_mobile"
860,"page_3_mobile"
328,"page_7_mobile"
58,"page_4_mobile"
1038,"page_4_mobile"
757,"page_1_mobile"
1900,"page_3_mobile"
1289,"page_4_mobile"
1971,"page_4_mobile"
1451,"page_6_mobile"
1652,"page_2_mobile"
1410,"page_2_mobile"
1694,"page_1_mobile"
1269,"page_6_mobile"
584,"page_3_mobile"
1558,"page_6_mobile"
1703,"page_6_mobile"
568,"page_4_mobile"
1972,"page_8_mobile"
1254,"page_4_mobile"
588,"page_5_mobile"
896,"page_5_mobile"
167,"page_6_mobile"
399,"page_3_mobile"
1018,"page_1_mobile"
520,"page_3_mobile"
1510,"page_6_mobile"
996,"page_6_mobile"
1972,"page_3_mobile"
1595,"page_8_mobile"
96,"page_7_mobile"
69,"page_6_mobile"
136,"page_8_mobile"
1743,"page_4_mobile"
98,"page_7_mobile"
138,"page_7_mobile"
25,"page_5_mobile"
638,"page_3_mobile"
357,"page_8_mobile"
171,"page_4_mobile"
250,"page_6_mobile"
151,"page_8_mobile"
1045,"page_7_mobile"
1831,"page_1_mobile"
246,"page_3_mobile"
871,"page_2_mobile"
558,"page_7_mobile"
1866,"page_7_mobile"
903,"page_7_mobile"
573,"page_5_mobile"
647,"page_2_mobile"
1794,"page_6_mobile"
269,"page_3_mobile"
664,"page_2_mobile"
327,"page_2_mobile"
725,"page_2_mobile"
664,"page_2_mobile"
1726,"page_8_mobile"
417,"page_5_mobile"
1579,"page_3_mobile"
260,"page_1_mobile"
643,"page_2_mobile"
1070,"page_7_mobile"
738,"page_4_mobile"
891,"page_6_mobile"
1321,"page_4_mobile"
1710,"page_5_mobile"
77,"page_3_mobile"
523,"page_2_mobile"
602,"page_2_mobile"
1638,"page_3_mobile"
751,"page_8_mobile"
503,"page_2_mobile"
1989,"page_7_mobile"
1186,"page_2_mobile"
1386,"page_7_mobile"
721,"page_4_mobile"
1376,"page_8_mobile"
115,"page_5_mobile"
547,"page_4_mobile"
1325,"page_4_mobile"
1349,"page_5_mobile"
724,"page_6_mobile"
1284,"page_3_mobile"
1677,"page_5_mobile"
615,"page_7_mobile"
651,"page_7_mobile"
1953,"page_4_mobile"
1046,"page_7_mobile"
1447,"page_4_mobile"
929,"page_4_mobile"
1723,"page_8_mobile"
606,"page_1_mobile"
355,"page_3_mobile"
1943,"page_7_mobile"
14,"page_1_mobile"
1827,"page_6_mobile"
982,"page_5_mobile"
1679,"page_1_mobile"
1150,"page_8_mobile"
1985,"page_8_mobile"
1314,"page_6_mobile"
1156,"page_2_mobile"
1096,"page_8_mobile"
1818,"page_5_mobile"
1785,"page_2_mobile"
1094,"page_5_mobile"
116,"page_7_mobile"
62,"page_5_mobile"
102,"page_7_mobile"
1528,"page_5_mobile"
547,"page_4_mobile"
1351,"page_6_mobile"
1521,"page_1_mobile"
703,"page_5_mobile"
1461,"page_4_mobile"
1102,"page_8_mobile"
85,"page_3_mobile"
333,"page_3_mobile"
875,"page_1_mobile"
941,"page_8_mobile"
985,"page_5_mobile"
1369,"page_6_mobile"
939,"page_8_mobile"
329,"page_4_mobile"
1377,"page_2_mobile"
390,"page_2_mobile"
41,"page_3_mobile"
1199,"page_7_mobile"
700,"page_1_mobile"
1841,"page_4_mobile"
1785,"page_8_mobile"
144,"page_2_mobile"
1842,"page_4_mobile"
955,"page_3_mobile"
1154,"page_6_mobile"
1992,"page_7_mobile"
1831,"page_1_mobile"
1938,"page_5_mobile"
384,"page_6_mobile"
1062,"page_4_mobile"
1536,"page_6_mobile"
942,"page_7_mobile"
1977,"page_6_mobile"
1730,"page_7_mobile"
1139,"page_1_mobile"
269,"page_1_mobile"
1569,"page_3_mobile"
1307,"page_2_mobile"
765,"page_2_mobile"
666,"page_5_mobile"
457,"page_4_mobile"
1844,"page_3_mobile"
662,"page_8_mobile"
288,"page_1_mobile"
1019,"page_4_mobile"
813,"page_7_mobile"
1073,"page_3_mobile"
1592,"page_2_mobile"
708,"page_5_mobile"
1712,"page_8_mobile"
874,"page_5_mobile"
379,"page_6_mobile"
1534,"page_8_mobile"
1372,"page_3_mobile"
1366,"page_1_mobile"
1390,"page_8_mobile"
140,"page_1_mobile"
1167,"page_5_mobile"
719,"page_7_mobile"
692,"page_8_mobile"
373,"page_8_mobile"
70,"page_7_mobile"
723,"page_3_mobile"
211,"page_5_mobile"
540,"page_2_mobile"
608,"page_8_mobile"
896,"page_8_mobile"
422,"page_3_mobile"
1110,"page_6_mobile"
534,"page_4_mobile"
659,"page_7_mobile"
72,"page_2_mobile"
1557,"page_4_mobile"
1907,"page_5_mobile"
926,"page_1_mobile"
1037,"page_3_mobile"
1773,"page_8_mobile"
457,"page_1_mobile"
1766,"page_7_mobile"
758,"page_7_mobile"
1420,"page_7_mobile"
850,"page_2_mobile"
551,"page_6_mobile"
664,"page_5_mobile"
166,"page_2_mobile"
485,"page_8_mobile"
674,"page_3_mobile"
1346,"page_8_mobile"
1186,"page_2_mobile"
1507,"page_6_mobile"
480,"page_4_mobile"
297,"page_3_mobile"
771,"page_1_mobile"
1793,"page_7_mobile"
623,"page_7_mobile"
787,"page_4_mobile"
771,"page_1_mobile"
1933,"page_8_mobile"
1046,"page_4_mobile"
180,"page_2_mobile"
1160,"page_3_mobile"
285,"page_6_mobile"
1147,"page_8_mobile"
151,"page_3_mobile"
1502,"page_6_mobile"
50,"page_7_mobile"
267,"page_6_mobile"
793,"page_4_mobile"
195,"page_4_mobile"
165,"page_5_mobile"
658,"page_4_mobile"
12,"page_8_mobile"
176,"page_1_mobile"
277,"page_8_mobile"
222,"page_8_mobile"
714,"page_6_mobile"
1515,"page_6_mobile"
642,"page_4_mobile"
72,"page_2_mobile"
823,"page_1_mobile"
671,"page_4_mobile"
573,"page_1_mobile"
17,"page_2_mobile"
409,"page_1_mobile"
453,"page_4_mobile"
1775,"page_4_mobile"
435,"page_3_mobile"
1,"page_3_mobile"
55,"page_1_mobile"
1572,"page_2_mobile"
1642,"page_1_mobile"
1259,"page_8_mobile"
342,"page_7_mobile"
1437,"page_5_mobile"
51,"page_8_mobile"
1038,"page_5_mobile"
377,"page_1_mobile"
1569,"page_8_mobile"
133,"page_5_mobile"
1880,"page_1_mobile"
270,"page_1_mobile"
692,"page_6_mobile"
110,"page_2_mobile"
1312,"page_3_mobile"
1510,"page_4_mobile"
1656,"page_4_mobile"
143,"page_5_mobile"
1613,"page_2_mobile"
1566,"page_8_mobile"
598,"page_8_mobile"
237,"page_2_mobile"
975,"page_8_mobile"
1063,"page_1_mobile"
114,"page_1_mobile"
299,"page_1_mobile"
1298,"page_3_mobile"
30,"page_4_mobile"
1828,"page_1_mobile"
1850,"page_3_mobile"
1212,"page_8_mobile"
1965,"page_2_mobile"
1871,"page_7_mobile"
1851,"page_5_mobile"
1616,"page_8_mobile"
990,"page_2_mobile"
771,"page_3_mobile"
1947,"page_4_mobile"
1379,"page_8_mobile"
782,"page_7_mobile"
606,"page_6_mobile"
471,"page_7_mobile"
835,"page_5_mobile"
1521,"page_4_mobile"
648,"page_2_mobile"
1082,"page_7_mobile"
1524,"page_6_mobile"
709,"page_1_mobile"
1371,"page_5_mobile"
1435,"page_3_mobile"
1336,"page_1_mobile"
215,"page_1_mobile"
1040,"page_1_mobile"
1719,"page_8_mobile"
1886,"page_8_mobile"
1961,"page_5_mobile"
929,"page_3_mobile"
1508,"page_8_mobile"
1333,"page_2_mobile"
1196,"page_4_mobile"
1290,"page_5_mobile"
909,"page_2_mobile"
1051,"page_5_mobile"
1989,"page_4_mobile"
389,"page_3_mobile"
1329,"page_4_mobile"
893,"page_1_mobile"
704,"page_6_mobile"
1792,"page_8_mobile"
1234,"page_3_mobile"
1070,"page_7_mobile"
320,"page_5_mobile"
1398,"page_6_mobile"
1986,"page_5_mobile"
1304,"page_3_mobile"
802,"page_8_mobile"
724,"page_6_mobile"
1371,"page_5_mobile"
1656,"page_2_mobile"
1384,"page_4_mobile"
371,"page_7_mobile"
1010,"page_8_mobile"
1681,"page_2_mobile"
979,"page_8_mobile"
33,"page_1_mobile"
4,"page_2_mobile"
1140,"page_1_mobile"
208,"page_5_mobile"
497,"page_6_mobile"
1419,"page_2_mobile"
795,"page_1_mobile"
1856,"page_7_mobile"
509,"page_4_mobile"
817,"page_6_mobile"
789,"page_1_mobile"
1348,"page_2_mobile"
1968,"page_3_mobile"
1455,"page_4_mobile"
185,"page_6_mobile"
1615,"page_4_mobile"
394,"page_1_mobile"
1603,"page_5_mobile"
1099,"page_5_mobile"
1002,"page_6_mobile"
575,"page_6_mobile"
992,"page_6_mobile"
1479,"page_1_mobile"
1859,"page_6_mobile"
1523,"page_8_mobile"
1050,"page_8_mobile"
1890,"page_7_mobile"
1855,"page_8_mobile"
1395,"page_3_mobile"
848,"page_2_mobile"
1725,"page_2_mobile"
427,"page_3_mobile"
164,"page_6_mobile"
697,"page_8_mobile"
755,"page_4_mobile"
296,"page_5_mobile"
1210,"page_1_mobile"
1481,"page_8_mobile"
841,"page_7_mobile"
1766,"page_1_mobile"
438,"page_3_mobile"
1570,"page_5_mobile"
1915,"page_2_mobile"
1318,"page_8_mobile"
1176,"page_1_mobile"
1185,"page_1_mobile"
189,"page_1_mobile"
50,"page_1_mobile"
1877,"page_1_mobile"
1425,"page_3_mobile"
1096,"page_1_mobile"
235,"page_6_mobile"
1369,"page_3_mobile"
1731,"page_6_mobile"
1731,"page_8_mobile"
689,"page_6_mobile"
1424,"page_7_mobile"
1709,"page_2_mobile"
1191,"page_8_mobile"
1324,"page_7_mobile"
349,"page_8_mobile"
120,"page_1_mobile"
1119,"page_3_mobile"
1474,"page_1_mobile"
979,"page_7_mobile"
1057,"page_4_mobile"
875,"page_3_mobile"
1998,"page_8_mobile"
44,"page_2_mobile"
272,"page_6_mobile"
676,"page_1_mobile"
198,"page_5_mobile"
449,"page_1_mobile"
1993,"page_2_mobile"
662,"page_7_mobile"
587,"page_8_mobile"
1887,"page_6_mobile"
48,"page_1_mobile"
357,"page_7_mobile"
1418,"page_2_mobile"
111,"page_8_mobile"
1255,"page_8_mobile"
1823,"page_8_mobile"
1802,"page_3_mobile"
878,"page_3_mobile"
1316,"page_3_mobile"
589,"page_7_mobile"
36,"page_7_mobile"
1022,"page_2_mobile"
391,"page_3_mobile"
159,"page_3_mobile"
67,"page_3_mobile"
1086,"page_4_mobile"
97,"page_4_mobile"
1667,"page_3_mobile"
1400,"page_5_mobile"
366,"page_5_mobile"
977,"page_3_mobile"
1961,"page_1_mobile"
1523,"page_1_mobile"
223,"page_4_mobile"
70,"page_7_mobile"
838,"page_8_mobile"
1868,"page_6_mobile"
1398,"page_1_mobile"
1866,"page_2_mobile"
567,"page_5_mobile"
1651,"page_1_mobile"
587,"page_4_mobile"
83,"page_3_mobile"
55,"page_5_mobile"
1246,"page_4_mobile"
422,"page_3_mobile"
1272,"page_7_mobile"
1042,"page_7_mobile"
95,"page_6_mobile"
416,"page_1_mobile"
1429,"page_7_mobile"
782,"page_2_mobile"
981,"page_1_mobile"
1030,"page_6_mobile"
1888,"page_5_mobile"
283,"page_2_mobile"
915,"page_1_mobile"
1683,"page_2_mobile"
507,"page_7_mobile"
1331,"page_3_mobile"
1961,"page_2_mobile"
301,"page_8_mobile"
405,"page_3_mobile"
1144,"page_2_mobile"
1875,"page_3_mobile"
959,"page_4_mobile"
1373,"page_2_mobile"
57,"page_4_mobile"
1094,"page_5_mobile"
1209,"page_2_mobile"
1905,"page_7_mobile"
91,"page_1_mobile"
980,"page_4_mobile"
1826,"page_5_mobile"
1239,"page_3_mobile"
1,"page_2_mobile"
1806,"page_5_mobile"
1209,"page_7_mobile"
152,"page_6_mobile"
1187,"page_5_mobile"
45,"page_5_mobile"
175,"page_7_mobile"
847,"page_2_mobile"
564,"page_4_mobile"
654,"page_7_mobile"
1827,"page_1_mobile"
127,"page_8_mobile"
1626,"page_7_mobile"
1369,"page_2_mobile"
1264,"page_4_mobile"
220,"page_7_mobile"
693,"page_5_mobile"
340,"page_3_mobile"
1242,"page_4_mobile"
136,"page_1_mobile"
301,"page_2_mobile"
1169,"page_6_mobile"
1449,"page_3_mobile"
71,"page_5_mobile"
793,"page_1_mobile"
1537,"page_3_mobile"
533,"page_2_mobile"
545,"page_5_mobile"
1672,"page_8_mobile"
1813,"page_4_mobile"
662,"page_8_mobile"
420,"page_1_mobile"
1755,"page_4_mobile"
1788,"page_3_mobile"
301,"page_2_mobile"
1375,"page_4_mobile"
1131,"page_4_mobile"
314,"page_4_mobile"
1883,"page_5_mobile"
462,"page_5_mobile"
605,"page_2_mobile"
912,"page_3_mobile"
1313,"page_8_mobile"
326,"page_4_mobile"
939,"page_2_mobile"
1559,"page_3_mobile"
1555,"page_1_mobile"
1354,"page_4_mobile"
1605,"page_4_mobile"
526,"page_5_mobile"
426,"page_8_mobile"
214,"page_5_mobile"
952,"page_7_mobile"
97,"page_7_mobile"
1798,"page_2_mobile"
580,"page_3_mobile"
1253,"page_4_mobile"
304,"page_1_mobile"
449,"page_1_mobile"
1088,"page_4_mobile"
1738,"page_6_mobile"
949,"page_4_mobile"
1226,"page_3_mobile"
121,"page_6_mobile"
1043,"page_1_mobile"
643,"page_6_mobile"
813,"page_5_mobile"
902,"page_8_mobile"
1377,"page_2_mobile"
1877,"page_2_mobile"
1063,"page_4_mobile"
341,"page_7_mobile"
1780,"page_7_mobile"
742,"page_2_mobile"
69,"page_1_mobile"
752,"page_1_mobile"
451,"page_1_mobile"
693,"page_2_mobile"
1468,"page_4_mobile"
299,"page_5_mobile"
1885,"page_5_mobile"
1963,"page_4_mobile"
1513,"page_7_mobile"
854,"page_3_mobile"
89,"page_5_mobile"
1911,"page_4_mobile"
299,"page_1_mobile"
1470,"page_2_mobile"
260,"page_5_mobile"
327,"page_7_mobile"
94,"page_6_mobile"
1680,"page_2_mobile"
500,"page_8_mobile"
709,"page_2_mobile"
24,"page_1_mobile"
573,"page_8_mobile"
634,"page_3_mobile"
1982,"page_4_mobile"
1058,"page_6_mobile"
1904,"page_5_mobile"
5,"page_3_mobile"
1376,"page_5_mobile"
318,"page_4_mobile"
115,"page_5_mobile"
861,"page_3_mobile"
203,"page_8_mobile"
323,"page_2_mobile"
1173,"page_4_mobile"
968,"page_4_mobile"
1094,"page_7_mobile"
520,"page_3_mobile"
9,"page_4_mobile"
291,"page_4_mobile"
1318,"page_6_mobile"
790,"page_4_mobile"
1000,"page_4_mobile"
1218,"page_5_mobile"
1867,"page_4_mobile"
1033,"page_6_mobile"
847,"page_4_mobile"
603,"page_2_mobile"
1387,"page_5_mobile"
1252,"page_3_mobile"
1682,"page_2_mobile"
1214,"page_7_mobile"
1206,"page_8_mobile"
1973,"page_2_mobile"
1612,"page_1_mobile"
101,"page_4_mobile"
1132,"page_8_mobile"
1347,"page_7_mobile"
99,"page_6_mobile"
102,"page_4_mobile"
586,"page_5_mobile"
918,"page_6_mobile"
477,"page_8_mobile"
615,"page_4_mobile"
1580,"page_6_mobile"
437,"page_8_mobile"
1249,"page_5_mobile"
981,"page_3_mobile"
927,"page_5_mobile"
499,"page_7_mobile"
509,"page_4_mobile"
96,"page_1_mobile"
309,"page_5_mobile"
369,"page_5_mobile"
153,"page_3_mobile"
697,"page_3_mobile"
918,"page_7_mobile"
1654,"page_2_mobile"
1886,"page_3_mobile"
1869,"page_4_mobile"
247,"page_8_mobile"
78,"page_8_mobile"
352,"page_6_mobile"
816,"page_1_mobile"
1094,"page_4_mobile"
806,"page_6_mobile"
1578,"page_7_mobile"
1103,"page_3_mobile"
1406,"page_7_mobile"
428,"page_3_mobile"
1090,"page_4_mobile"
839,"page_3_mobile"
505,"page_4_mobile"
432,"page_8_mobile"
1208,"page_5_mobile"
1855,"page_1_mobile"
1427,"page_1_mobile"
88,"page_1_mobile"
248,"page_1_mobile"
1835,"page_2_mobile"
646,"page_4_mobile"
2,"page_7_mobile"
1483,"page_8_mobile"
975,"page_1_mobile"
1989,"page_8_mobile"
291,"page_6_mobile"
810,"page_8_mobile"
157,"page_3_mobile"
1299,"page_3_mobile"
34,"page_3_mobile"
170,"page_2_mobile"
814,"page_2_mobile"
609,"page_5_mobile"
1492,"page_8_mobile"
1141,"page_3_mobile"
1799,"page_1_mobile"
122,"page_6_mobile"
628,"page_1_mobile"
1036,"page_8_mobile"
1051,"page_2_mobile"
50,"page_6_mobile"
375,"page_1_mobile"
732,"page_8_mobile"
1472,"page_1_mobile"
934,"page_7_mobile"
1134,"page_3_mobile"
1176,"page_6_mobile"
1051,"page_7_mobile"
1879,"page_8_mobile"
1556,"page_5_mobile"
1998,"page_8_mobile"
958,"page_3_mobile"
1341,"page_2_mobile"
719,"page_5_mobile"
760,"page_1_mobile"
1741,"page_5_mobile"
106,"page_7_mobile"
990,"page_2_mobile"
1646,"page_6_mobile"
1881,"page_5_mobile"
1236,"page_5_mobile"
855,"page_4_mobile"
1400,"page_1_mobile"
1133,"page_7_mobile"
945,"page_2_mobile"
1515,"page_4_mobile"
1520,"page_3_mobile"
63,"page_6_mobile"
692,"page_1_mobile"
157,"page_4_mobile"
1278,"page_6_mobile"
1272,"page_5_mobile"
688,"page_4_mobile"
511,"page_5_mobile"
1301,"page_3_mobile"
960,"page_4_mobile"
1450,"page_5_mobile"
229,"page_5_mobile"
915,"page_4_mobile"
1925,"page_1_mobile"
217,"page_1_mobile"
1149,"page_4_mobile"
186,"page_4_mobile"
1406,"page_6_mobile"
614,"page_3_mobile"
1693,"page_5_mobile"
1809,"page_1_mobile"
1485,"page_7_mobile"
1596,"page_2_mobile"
1147,"page_1_mobile"
451,"page_2_mobile"
659,"page_7_mobile"
1537,"page_8_mobile"
1806,"page_5_mobile"
955,"page_1_mobile"
875,"page_7_mobile"
694,"page_1_mobile"
1368,"page_1_mobile"
1891,"page_2_mobile"
671,"page_8_mobile"
716,"page_6_mobile"
33,"page_1_mobile"
1201,"page_2_mobile"
1797,"page_2_mobile"
1638,"page_8_mobile"
844,"page_2_mobile"
1390,"page_6_mobile"
958,"page_7_mobile"
907,"page_6_mobile"
488,"page_6_mobile"
1848,"page_7_mobile"
1042,"page_6_mobile"
991,"page_2_mobile"
1692,"page_5_mobile"
1179,"page_4_mobile"
1840,"page_5_mobile"
437,"page_1_mobile"
35,"page_2_mobile"
34,"page_5_mobile"
1425,"page_8_mobile"
1055,"page_6_mobile"
226,"page_5_mobile"
1426,"page_7_mobile"
1190,"page_3_mobile"
1995,"page_1_mobile"
1419,"page_6_mobile"
1282,"page_7_mobile"
1237,"page_7_mobile"
1744,"page_4_mobile"
1632,"page_3_mobile"
366,"page_8_mobile"
1331,"page_8_mobile"
51,"page_7_mobile"
1315,"page_1_mobile"
1995,"page_6_mobile"
1218,"page_5_mobile"
1378,"page_3_mobile"
754,"page_8_mobile"
1346,"page_8_mobile"
1612,"page_3_mobile"
1912,"page_2_mobile"
1670,"page_7_mobile"
1361,"page_5_mobile"
942,"page_3_mobile"
200,"page_4_mobile"
152,"page_7_mobile"
1108,"page_3_mobile"
575,"page_5_mobile"
602,"page_8_mobile"
840,"page_1_mobile"
1476,"page_8_mobile"
1400,"page_5_mobile"
1885,"page_5_mobile"
1119,"page_8_mobile"
763,"page_3_mobile"
1145,"page_1_mobile"
1838,"page_3_mobile"
1572,"page_1_mobile"
416,"page_5_mobile"
911,"page_4_mobile"
1609,"page_5_mobile"
951,"page_3_mobile"
107,"page_5_mobile"
1173,"page_6_mobile"
1491,"page_4_mobile"
512,"page_5_mobile"
1779,"page_6_mobile"
586,"page_7_mobile"
1933,"page_3_mobile"
1595,"page_1_mobile"
996,"page_6_mobile"
811,"page_7_mobile"
95,"page_5_mobile"
1947,"page_3_mobile"
1836,"page_1_mobile"
1775,"page_8_mobile"
1172,"page_3_mobile"
148,"page_8_mobile"
1996,"page_2_mobile"
579,"page_8_mobile"
1819,"page_2_mobile"
568,"page_8_mobile"
1366,"page_4_mobile"
1883,"page_6_mobile"
1787,"page_2_mobile"
999,"page_1_mobile"
634,"page_1_mobile"
603,"page_8_mobile"
1368,"page_5_mobile"
193,"page_3_mobile"
342,"page_5_mobile"
429,"page_3_mobile"
1156,"page_3_mobile"
1625,"page_5_mobile"
1703,"page_6_mobile"
1327,"page_3_mobile"
205,"page_8_mobile"
910,"page_1_mobile"
968,"page_8_mobile"
339,"page_8_mobile"
373,"page_7_mobile"
1366,"page_1_mobile"
1697,"page_8_mobile"
749,"page_6_mobile"
1534,"page_1_mobile"
172,"page_3_mobile"
510,"page_6_mobile"
1605,"page_7_mobile"
1743,"page_6_mobile"
1456,"page_2_mobile"
405,"page_1_mobile"
449,"page_4_mobile"
1944,"page_1_mobile"
321,"page_8_mobile"
1759,"page_2_mobile"
1807,"page_5_mobile"
1908,"page_8_mobile"
1634,"page_6_mobile"
1835,"page_7_mobile"
1296,"page_3_mobile"
1592,"page_5_mobile"
1147,"page_4_mobile"
713,"page_1_mobile"
189,"page_4_mobile"
1923,"page_6_mobile"
408,"page_7_mobile"
1721,"page_6_mobile"
1885,"page_3_mobile"
1361,"page_3_mobile"
1554,"page_2_mobile"
334,"page_3_mobile"
504,"page_4_mobile"
7,"page_4_mobile"
2000,"page_7_mobile"
515,"page_3_mobile"
1357,"page_2_mobile"
481,"page_3_mobile"
1340,"page_6_mobile"
1904,"page_2_mobile"
1896,"page_2_mobile"
290,"page_5_mobile"
1853,"page_7_mobile"
1776,"page_7_mobile"
950,"page_2_mobile"
814,"page_1_mobile"
852,"page_6_mobile"
26,"page_7_mobile"
1460,"page_4_mobile"
1296,"page_6_mobile"
333,"page_3_mobile"
406,"page_4_mobile"
1730,"page_3_mobile"
523,"page_1_mobile"
29,"page_3_mobile"
765,"page_8_mobile"
402,"page_7_mobile"
1670,"page_8_mobile"
1679,"page_4_mobile"
583,"page_4_mobile"
169,"page_6_mobile"
575,"page_6_mobile"
1741,"page_5_mobile"
673,"page_6_mobile"
10,"page_1_mobile"
1086,"page_7_mobile"
1158,"page_7_mobile"
1030,"page_6_mobile"
1834,"page_7_mobile"
1954,"page_8_mobile"
455,"page_2_mobile"
589,"page_2_mobile"
1388,"page_6_mobile"
171,"page_3_mobile"
24,"page_4_mobile"
670,"page_4_mobile"
1841,"page_2_mobile"
240,"page_7_mobile"
945,"page_5_mobile"
1729,"page_6_mobile"
777,"page_4_mobile"
562,"page_6_mobile"
128,"page_4_mobile"
240,"page_3_mobile"
1774,"page_6_mobile"
641,"page_5_mobile"
1047,"page_5_mobile"
1134,"page_3_mobile"
96,"page_6_mobile"
1634,"page_2_mobile"
1648,"page_7_mobile"
1985,"page_5_mobile"
1515,"page_1_mobile"
1895,"page_1_mobile"
230,"page_3_mobile"
207,"page_1_mobile"
1414,"page_1_mobile"
194,"page_2_mobile"
1245,"page_4_mobile"
133,"page_5_mobile"
456,"page_4_mobile"
827,"page_4_mobile"
694,"page_1_mobile"
640,"page_7_mobile"
1602,"page_6_mobile"
485,"page_2_mobile"
23,"page_1_mobile"
421,"page_5_mobile"
1261,"page_4_mobile"
1869,"page_2_mobile"
1634,"page_5_mobile"
1902,"page_3_mobile"
1198,"page_5_mobile"
1837,"page_5_mobile"
1617,"page_1_mobile"
1124,"page_8_mobile"
332,"page_7_mobile"
1346,"page_1_mobile"
1255,"page_2_mobile"
927,"page_6_mobile"
1407,"page_1_mobile"
933,"page_8_mobile"
1216,"page_6_mobile"
674,"page_7_mobile"
1526,"page_8_mobile"
450,"page_1_mobile"
1284,"page_8_mobile"
1515,"page_8_mobile"
1364,"page_8_mobile"
273,"page_2_mobile"
1139,"page_5_mobile"
207,"page_8_mobile"
1616,"page_2_mobile"
1604,"page_1_mobile"
291,"page_5_mobile"
1925,"page_2_mobile"
599,"page_4_mobile"
1426,"page_2_mobile"
1031,"page_5_mobile"
836,"page_1_mobile"
1460,"page_6_mobile"
1413,"page_1_mobile"
1658,"page_2_mobile"
1569,"page_6_mobile"
409,"page_7_mobile"
612,"page_6_mobile"
38,"page_2_mobile"
532,"page_4_mobile"
1348,"page_8_mobile"
957,"page_6_mobile"
1736,"page_5_mobile"
787,"page_2_mobile"
521,"page_8_mobile"
1933,"page_1_mobile"
941,"page_8_mobile"
1729,"page_5_mobile"
1475,"page_2_mobile"
1670,"page_4_mobile"
535,"page_8_mobile"
838,"page_2_mobile"
1142,"page_6_mobile"
1569,"page_1_mobile"
63,"page_2_mobile"
1198,"page_8_mobile"
1135,"page_8_mobile"
1674,"page_3_mobile"
794,"page_3_mobile"
1695,"page_3_mobile"
834,"page_1_mobile"
1081,"page_1_mobile"
992,"page_4_mobile"
784,"page_2_mobile"
346,"page_4_mobile"
1174,"page_3_mobile"
1541,"page_2_mobile"
1868,"page_2_mobile"
472,"page_6_mobile"
419,"page_4_mobile"
207,"page_1_mobile"
952,"page_7_mobile"
721,"page_1_mobile"
122,"page_4_mobile"
1293,"page_2_mobile"
612,"page_1_mobile"
386,"page_2_mobile"
881,"page_8_mobile"
1260,"page_6_mobile"
736,"page_4_mobile"
1598,"page_1_mobile"
552,"page_5_mobile"
725,"page_7_mobile"
1672,"page_5_mobile"
822,"page_3_mobile"
1430,"page_4_mobile"
414,"page_8_mobile"
1946,"page_3_mobile"
189,"page_4_mobile"
569,"page_7_mobile"
593,"page_7_mobile"
1813,"page_3_mobile"
1341,"page_1_mobile"
1644,"page_4_mobile"
1108,"page_1_mobile"
1809,"page_1_mobile"
746,"page_8_mobile"
1539,"page_8_mobile"
1161,"page_5_mobile"
890,"page_3_mobile"
1503,"page_2_mobile"
144,"page_5_mobile"
241,"page_8_mobile"
976,"page_4_mobile"
382,"page_2_mobile"
1133,"page_8_mobile"
1270,"page_7_mobile"
1855,"page_8_mobile"
18,"page_6_mobile"
1048,"page_6_mobile"
454,"page_1_mobile"
1075,"page_1_mobile"
1145,"page_5_mobile"
1948,"page_7_mobile"
1552,"page_7_mobile"
1751,"page_2_mobile"
1859,"page_2_mobile"
637,"page_6_mobile"
147,"page_5_mobile"
1895,"page_3_mobile"
1270,"page_1_mobile"
1264,"page_6_mobile"
1833,"page_6_mobile"
767,"page_2_mobile"
228,"page_8_mobile"
1983,"page_4_mobile"
120,"page_6_mobile"
656,"page_5_mobile"
46,"page_1_mobile"
314,"page_6_mobile"
380,"page_3_mobile"
189,"page_4_mobile"
289,"page_3_mobile"
843,"page_4_mobile"
1476,"page_7_mobile"
732,"page_3_mobile"
284,"page_6_mobile"
325,"page_7_mobile"
1263,"page_2_mobile"
907,"page_6_mobile"
1059,"page_6_mobile"
91,"page_7_mobile"
1498,"page_4_mobile"
53,"page_8_mobile"
895,"page_5_mobile"
1998,"page_1_mobile"
695,"page_7_mobile"
1469,"page_2_mobile"
1269,"page_2_mobile"
1357,"page_5_mobile"
1555,"page_2_mobile"
1591,"page_8_mobile"
785,"page_3_mobile"
1448,"page_4_mobile"
1633,"page_2_mobile"
497,"page_2_mobile"
949,"page_7_mobile"
395,"page_3_mobile"
679,"page_2_mobile"
1844,"page_3_mobile"
93,"page_1_mobile"
1003,"page_7_mobile"
418,"page_4_mobile"
1326,"page_8_mobile"
394,"page_6_mobile"
1726,"page_4_mobile"
1724,"page_4_mobile"
1806,"page_5_mobile"
895,"page_1_mobile"
538,"page_7_mobile"
148,"page_8_mobile"
521,"page_4_mobile"
363,"page_2_mobile"
930,"page_3_mobile"
1301,"page_7_mobile"
104,"page_7_mobile"
431,"page_8_mobile"
1524,"page_8_mobile"
637,"page_4_mobile"
837,"page_1_mobile"
477,"page_7_mobile"
16,"page_8_mobile"
1875,"page_5_mobile"
1792,"page_7_mobile"
199,"page_1_mobile"
1900,"page_7_mobile"
37,"page_6_mobile"
773,"page_2_mobile"
1583,"page_6_mobile"
735,"page_3_mobile"
384,"page_5_mobile"
404,"page_4_mobile"
334,"page_1_mobile"
80,"page_8_mobile"
336,"page_2_mobile"
1152,"page_2_mobile"
1426,"page_5_mobile"
1502,"page_7_mobile"
1797,"page_4_mobile"
1624,"page_5_mobile"
1228,"page_3_mobile"
1735,"page_6_mobile"
663,"page_1_mobile"
218,"page_3_mobile"
1754,"page_6_mobile"
1513,"page_6_mobile"
561,"page_6_mobile"
1405,"page_3_mobile"
88,"page_5_mobile"
325,"page_5_mobile"
706,"page_6_mobile"
1094,"page_2_mobile"
227,"page_3_mobile"
892,"page_5_mobile"
365,"page_2_mobile"
956,"page_2_mobile"
930,"page_3_mobile"
565,"page_6_mobile"
1002,"page_5_mobile"
233,"page_7_mobile"
317,"page_4_mobile"
1998,"page_6_mobile"
1451,"page_4_mobile"
1764,"page_6_mobile"
1914,"page_8_mobile"
67,"page_6_mobile"
91,"page_5_mobile"
804,"page_1_mobile"
704,"page_5_mobile"
1229,"page_8_mobile"
708,"page_8_mobile"
49,"page_1_mobile"
1727,"page_3_mobile"
591,"page_5_mobile"
1524,"page_4_mobile"
951,"page_5_mobile"
1793,"page_1_mobile"
377,"page_5_mobile"
1289,"page_5_mobile"
1774,"page_8_mobile"
1153,"page_4_mobile"
592,"page_6_mobile"
137,"page_7_mobile"
1484,"page_8_mobile"
1766,"page_2_mobile"
146,"page_6_mobile"
539,"page_6_mobile"
563,"page_8_mobile"
652,"page_4_mobile"
280,"page_3_mobile"
921,"page_7_mobile"
704,"page_5_mobile"
1453,"page_3_mobile"
254,"page_6_mobile"
397,"page_7_mobile"
914,"page_4_mobile"
70,"page_5_mobile"
377,"page_6_mobile"
1061,"page_1_mobile"
1987,"page_1_mobile"
852,"page_6_mobile"
1756,"page_3_mobile"
1659,"page_6_mobile"
1299,"page_8_mobile"
1542,"page_3_mobile"
553,"page_2_mobile"
1844,"page_6_mobile"
1396,"page_7_mobile"
1670,"page_6_mobile"
419,"page_3_mobile"
17,"page_8_mobile"
1410,"page_8_mobile"
1067,"page_8_mobile"
1383,"page_2_mobile"
888,"page_3_mobile"
1987,"page_2_mobile"
1603,"page_5_mobile"
1975,"page_4_mobile"
991,"page_2_mobile"
14,"page_4_mobile"
708,"page_2_mobile"
1347,"page_6_mobile"
1025,"page_2_mobile"
665,"page_7_mobile"
1270,"page_6_mobile"
1819,"page_5_mobile"
61,"page_5_mobile"
57,"page_6_mobile"
1213,"page_5_mobile"
145,"page_7_mobile"
1044,"page_8_mobile"
1430,"page_3_mobile"
303,"page_7_mobile"
364,"page_8_mobile"
353,"page_3_mobile"
1130,"page_1_mobile"
480,"page_7_mobile"
663,"page_2_mobile"
1542,"page_7_mobile"
855,"page_5_mobile"
893,"page_7_mobile"
1799,"page_8_mobile"
879,"page_3_mobile"
1652,"page_1_mobile"
1562,"page_7_mobile"
669,"page_7_mobile"
786,"page_4_mobile"
887,"page_8_mobile"
752,"page_7_mobile"
818,"page_7_mobile"
1121,"page_6_mobile"
91,"page_6_mobile"
365,"page_8_mobile"
360,"page_2_mobile"
891,"page_1_mobile"
446,"page_2_mobile"
1819,"page_2_mobile"
1707,"page_3_mobile"
1901,"page_2_mobile"
544,"page_4_mobile"
143,"page_3_mobile"
1429,"page_6_mobile"
25,"page_8_mobile"
1337,"page_6_mobile"
1992,"page_4_mobile"
1850,"page_7_mobile"
82,"page_4_mobile"
215,"page_5_mobile"
98,"page_2_mobile"
830,"page_7_mobile"
1219,"page_1_mobile"
1394,"page_6_mobile"
1625,"page_3_mobile"
450,"page_5_mobile"
1693,"page_5_mobile"
35,"page_3_mobile"
456,"page_2_mobile"
151,"page_5_mobile"
254,"page_7_mobile"
58,"page_8_mobile"
533,"page_4_mobile"
1211,"page_4_mobile"
575,"page_2_mobile"
1723,"page_8_mobile"
1071,"page_3_mobile"
1523,"page_5_mobile"
1030,"page_6_mobile"
417,"page_8_mobile"
270,"page_4_mobile"
1375,"page_3_mobile"
1566,"page_7_mobile"
870,"page_4_mobile"
774,"page_1_mobile"
811,"page_3_mobile"
728,"page_7_mobile"
236,"page_6_mobile"
764,"page_8_mobile"
450,"page_3_mobile"
1285,"page_7_mobile"
161,"page_5_mobile"
1007,"page_6_mobile"
431,"page_8_mobile"
458,"page_1_mobile"
1791,"page_8_mobile"
533,"page_1_mobile"
41,"page_7_mobile"
730,"page_8_mobile"
530,"page_6_mobile"
663,"page_7_mobile"
1983,"page_7_mobile"
1203,"page_4_mobile"
1585,"page_3_mobile"
554,"page_3_mobile"
1212,"page_5_mobile"
295,"page_6_mobile"
308,"page_1_mobile"
1382,"page_8_mobile"
381,"page_2_mobile"
491,"page_8_mobile"
534,"page_5_mobile"
1301,"page_5_mobile"
390,"page_1_mobile"
201,"page_2_mobile"
843,"page_2_mobile"
597,"page_6_mobile"
1935,"page_2_mobile"
1751,"page_5_mobile"
592,"page_3_mobile"
1707,"page_7_mobile"
559,"page_3_mobile"
1784,"page_5_mobile"
355,"page_1_mobile"
1289,"page_1_mobile"
1569,"page_1_mobile"
684,"page_7_mobile"
725,"page_7_mobile"
933,"page_3_mobile"
162,"page_5_mobile"
616,"page_3_mobile"
798,"page_7_mobile"
1550,"page_2_mobile"
1818,"page_1_mobile"
12,"page_7_mobile"
185,"page_6_mobile"
746,"page_8_mobile"
1650,"page_3_mobile"
993,"page_8_mobile"
331,"page_2_mobile"
1693,"page_4_mobile"
1920,"page_6_mobile"
476,"page_7_mobile"
760,"page_7_mobile"
409,"page_1_mobile"
559,"page_2_mobile"
1851,"page_7_mobile"
1611,"page_3_mobile"
1162,"page_6_mobile"
1627,"page_4_mobile"
1680,"page_1_mobile"
410,"page_1_mobile"
1596,"page_1_mobile"
1934,"page_6_mobile"
443,"page_2_mobile"
920,"page_4_mobile"
1289,"page_7_mobile"
681,"page_8_mobile"
1891,"page_8_mobile"
1946,"page_2_mobile"
1881,"page_3_mobile"
264,"page_3_mobile"
243,"page_1_mobile"
1095,"page_6_mobile"
799,"page_3_mobile"
721,"page_3_mobile"
1635,"page_2_mobile"
402,"page_7_mobile"
355,"page_4_mobile"
1367,"page_1_mobile"
1589,"page_1_mobile"
1662,"page_6_mobile"
1532,"page_4_mobile"
1143,"page_4_mobile"
87,"page_7_mobile"
575,"page_5_mobile"
1522,"page_8_mobile"
1590,"page_7_mobile"
1716,"page_7_mobile"
1602,"page_5_mobile"
1319,"page_6_mobile"
1509,"page_1_mobile"
149,"page_3_mobile"
1451,"page_2_mobile"
562,"page_3_mobile"
387,"page_1_mobile"
641,"page_4_mobile"
1530,"page_8_mobile"
1655,"page_8_mobile"
1770,"page_3_mobile"
421,"page_7_mobile"
496,"page_8_mobile"
806,"page_4_mobile"
1653,"page_8_mobile"
533,"page_4_mobile"
1321,"page_2_mobile"
1733,"page_1_mobile"
321,"page_5_mobile"
614,"page_6_mobile"
1003,"page_7_mobile"
1874,"page_3_mobile"
1239,"page_3_mobile"
1120,"page_7_mobile"
1797,"page_1_mobile"
13,"page_3_mobile"
1355,"page_6_mobile"
1406,"page_3_mobile"
99,"page_8_mobile"
1098,"page_4_mobile"
1620,"page_2_mobile"
873,"page_3_mobile"
121,"page_4_mobile"
1518,"page_6_mobile"
941,"page_4_mobile"
1020,"page_5_mobile"
950,"page_7_mobile"
114,"page_8_mobile"
1284,"page_4_mobile"
427,"page_2_mobile"
769,"page_4_mobile"
545,"page_3_mobile"
1218,"page_2_mobile"
436,"page_2_mobile"
1779,"page_1_mobile"
1439,"page_1_mobile"
165,"page_8_mobile"
258,"page_3_mobile"
623,"page_8_mobile"
349,"page_6_mobile"
148,"page_6_mobile"
372,"page_2_mobile"
342,"page_4_mobile"
884,"page_3_mobile"
673,"page_1_mobile"
1134,"page_7_mobile"
1489,"page_3_mobile"
196,"page_4_mobile"
1748,"page_8_mobile"
997,"page_7_mobile"
26,"page_1_mobile"
79,"page_7_mobile"
480,"page_6_mobile"
1062,"page_1_mobile"
816,"page_4_mobile"
629,"page_7_mobile"
1699,"page_7_mobile"
655,"page_2_mobile"
1884,"page_5_mobile"
511,"page_5_mobile"
900,"page_8_mobile"
1226,"page_7_mobile"
935,"page_6_mobile"
245,"page_3_mobile"
792,"page_6_mobile"
478,"page_2_mobile"
1143,"page_4_mobile"
1426,"page_8_mobile"
1506,"page_8_mobile"
1697,"page_4_mobile"
549,"page_1_mobile"
645,"page_1_mobile"
882,"page_1_mobile"
692,"page_5_mobile"
1012,"page_8_mobile"
988,"page_1_mobile"
1128,"page_1_mobile"
1497,"page_5_mobile"
1413,"page_2_mobile"
1206,"page_1_mobile"
874,"page_7_mobile"
1276,"page_8_mobile"
442,"page_1_mobile"
810,"page_4_mobile"
74,"page_4_mobile"
209,"page_8_mobile"
1915,"page_3_mobile"
1062,"page_4_mobile"
1666,"page_5_mobile"
584,"page_7_mobile"
731,"page_4_mobile"
877,"page_8_mobile"
1873,"page_7_mobile"
133,"page_4_mobile"
1784,"page_5_mobile"
1510,"page_3_mobile"
1032,"page_6_mobile"
1069,"page_4_mobile"
654,"page_3_mobile"
1244,"page_4_mobile"
1474,"page_6_mobile"
1982,"page_5_mobile"
568,"page_3_mobile"
1087,"page_7_mobile"
1269,"page_8_mobile"
1823,"page_4_mobile"
864,"page_6_mobile"
1132,"page_5_mobile"
1894,"page_2_mobile"
1028,"page_5_mobile"
1871,"page_7_mobile"
1825,"page_8_mobile"
1697,"page_3_mobile"
1095,"page_7_mobile"
1938,"page_3_mobile"
623,"page_1_mobile"
1592,"page_4_mobile"
1189,"page_2_mobile"
139,"page_6_mobile"
1776,"page_4_mobile"
433,"page_2_mobile"
513,"page_2_mobile"
1439,"page_5_mobile"
1790,"page_5_mobile"
1254,"page_2_mobile"
1110,"page_3_mobile"
732,"page_1_mobile"
1423,"page_1_mobile"
744,"page_4_mobile"
1165,"page_1_mobile"
1720,"page_5_mobile"
1435,"page_5_mobile"
889,"page_1_mobile"
59,"page_5_mobile"
1898,"page_4_mobile"
194,"page_5_mobile"
1821,"page_1_mobile"
1407,"page_6_mobile"
678,"page_1_mobile"
1275,"page_5_mobile"
177,"page_3_mobile"
1966,"page_8_mobile"
423,"page_7_mobile"
1501,"page_2_mobile"
80,"page_2_mobile"
762,"page_4_mobile"
647,"page_7_mobile"
483,"page_6_mobile"
393,"page_4_mobile"
1842,"page_1_mobile"
873,"page_3_mobile"
17,"page_2_mobile"
565,"page_6_mobile"
1605,"page_1_mobile"
245,"page_7_mobile"
1761,"page_2_mobile"
104,"page_1_mobile"
1032,"page_2_mobile"
540,"page_4_mobile"
1962,"page_6_mobile"
1824,"page_3_mobile"
1332,"page_4_mobile"
1047,"page_4_mobile"
67,"page_5_mobile"
44,"page_8_mobile"
1008,"page_7_mobile"
458,"page_1_mobile"
1771,"page_7_mobile"
1521,"page_3_mobile"
1688,"page_6_mobile"
155,"page_7_mobile"
980,"page_8_mobile"
1150,"page_4_mobile"
871,"page_5_mobile"
726,"page_5_mobile"
936,"page_5_mobile"
487,"page_2_mobile"
435,"page_3_mobile"
501,"page_7_mobile"
222,"page_1_mobile"
383,"page_7_mobile"
1072,"page_1_mobile"
1445,"page_1_mobile"
1802,"page_4_mobile"
139,"page_3_mobile"
1574,"page_4_mobile"
848,"page_2_mobile"
1006,"page_5_mobile"
857,"page_3_mobile"
1902,"page_8_mobile"
1095,"page_1_mobile"
861,"page_6_mobile"
509,"page_4_mobile"
1640,"page_6_mobile"
1534,"page_1_mobile"
153,"page_7_mobile"
299,"page_7_mobile"
323,"page_3_mobile"
300,"page_3_mobile"
103,"page_8_mobile"
1228,"page_3_mobile"
1927,"page_6_mobile"
1059,"page_2_mobile"
1674,"page_1_mobile"
1956,"page_6_mobile"
786,"page_5_mobile"
588,"page_6_mobile"
953,"page_2_mobile"
1204,"page_5_mobile"
1170,"page_7_mobile"
285,"page_4_mobile"
1528,"page_6_mobile"
173,"page_8_mobile"
1602,"page_8_mobile"
850,"page_1_mobile"
1867,"page_3_mobile"
78,"page_1_mobile"
1842,"page_5_mobile"
1768,"page_1_mobile"
412,"page_5_mobile"
110,"page_8_mobile"
771,"page_2_mobile"
558,"page_2_mobile"
768,"page_4_mobile"
1422,"page_1_mobile"
235,"page_8_mobile"
1424,"page_7_mobile"
976,"page_5_mobile"
339,"page_5_mobile"
1139,"page_5_mobile"
1049,"page_1_mobile"
401,"page_2_mobile"
964,"page_6_mobile"
1287,"page_6_mobile"
151,"page_6_mobile"
1316,"page_6_mobile"
744,"page_7_mobile"
1267,"page_3_mobile"
479,"page_6_mobile"
1072,"page_6_mobile"
665,"page_3_mobile"
1274,"page_7_mobile"
455,"page_6_mobile"
1406,"page_5_mobile"
1450,"page_3_mobile"
1335,"page_4_mobile"
852,"page_1_mobile"
79,"page_8_mobile"
636,"page_7_mobile"
164,"page_2_mobile"
7,"page_4_mobile"
995,"page_2_mobile"
1934,"page_8_mobile"
638,"page_5_mobile"
1586,"page_8_mobile"
671,"page_4_mobile"
1149,"page_1_mobile"
531,"page_8_mobile"
202,"page_5_mobile"
1707,"page_3_mobile"
1168,"page_7_mobile"
956,"page_6_mobile"
704,"page_1_mobile"
47,"page_7_mobile"
1949,"page_6_mobile"
1342,"page_2_mobile"
29,"page_5_mobile"
265,"page_8_mobile"
460,"page_5_mobile"
391,"page_2_mobile"
360,"page_4_mobile"
165,"page_3_mobile"
265,"page_1_mobile"
1213,"page_2_mobile"
12,"page_1_mobile"
1326,"page_7_mobile"
602,"page_5_mobile"
1187,"page_6_mobile"
1191,"page_5_mobile"
1165,"page_6_mobile"
1760,"page_1_mobile"
434,"page_6_mobile"
1000,"page_4_mobile"
813,"page_6_mobile"
1543,"page_3_mobile"
309,"page_7_mobile"
728,"page_2_mobile"
1006,"page_6_mobile"
1138,"page_6_mobile"
1550,"page_2_mobile"
729,"page_3_mobile"
1269,"page_8_mobile"
1657,"page_2_mobile"
1482,"page_3_mobile"
1014,"page_2_mobile"
292,"page_6_mobile"
1355,"page_7_mobile"
1638,"page_3_mobile"
797,"page_3_mobile"
514,"page_6_mobile"
1886,"page_1_mobile"
778,"page_8_mobile"
976,"page_5_mobile"
625,"page_1_mobile"
1686,"page_4_mobile"
365,"page_6_mobile"
1740,"page_3_mobile"
70,"page_7_mobile"
1915,"page_6_mobile"
1432,"page_5_mobile"
1272,"page_8_mobile"
1651,"page_6_mobile"
1634,"page_6_mobile"
909,"page_3_mobile"
1312,"page_4_mobile"
262,"page_4_mobile"
764,"page_7_mobile"
793,"page_2_mobile"
507,"page_3_mobile"
1727,"page_1_mobile"
1533,"page_2_mobile"
374,"page_2_mobile"
1105,"page_6_mobile"
938,"page_4_mobile"
1772,"page_2_mobile"
675,"page_6_mobile"
234,"page_6_mobile"
1570,"page_6_mobile"
615,"page_4_mobile"
560,"page_8_mobile"
1725,"page_6_mobile"
1429,"page_7_mobile"
521,"page_2_mobile"
1636,"page_5_mobile"
1905,"page_1_mobile"
1985,"page_4_mobile"
953,"page_3_mobile"
1539,"page_2_mobile"
1395,"page_2_mobile"
340,"page_7_mobile"
994,"page_5_mobile"
580,"page_8_mobile"
1454,"page_7_mobile"
1001,"page_6_mobile"
257,"page_7_mobile"
1288,"page_5_mobile"
1691,"page_2_mobile"
667,"page_2_mobile"
1520,"page_3_mobile"
322,"page_8_mobile"
937,"page_2_mobile"
1103,"page_5_mobile"
1605,"page_6_mobile"
189,"page_7_mobile"
523,"page_4_mobile"
997,"page_3_mobile"
861,"page_3_mobile"
556,"page_3_mobile"
302,"page_5_mobile"
1315,"page_6_mobile"
81,"page_6_mobile"
805,"page_7_mobile"
1716,"page_2_mobile"
854,"page_2_mobile"
1614,"page_8_mobile"
1212,"page_5_mobile"
148,"page_5_mobile"
419,"page_8_mobile"
1620,"page_4_mobile"
1732,"page_1_mobile"
1627,"page_2_mobile"
1981,"page_1_mobile"
791,"page_7_mobile"
822,"page_2_mobile"
1117,"page_5_mobile"
790,"page_4_mobile"
1744,"page_5_mobile"
1695,"page_7_mobile"
48,"page_7_mobile"
1910,"page_2_mobile"
890,"page_7_mobile"
265,"page_5_mobile"
1716,"page_5_mobile"
697,"page_8_mobile"
1646,"page_4_mobile"
823,"page_7_mobile"
898,"page_7_mobile"
541,"page_3_mobile"
213,"page_4_mobile"
1078,"page_8_mobile"
1335,"page_6_mobile"
1600,"page_3_mobile"
916,"page_8_mobile"
218,"page_3_mobile"
1745,"page_7_mobile"
1979,"page_5_mobile"
831,"page_7_mobile"
128,"page_3_mobile"
1899,"page_3_mobile"
1177,"page_1_mobile"
1657,"page_6_mobile"
1593,"page_1_mobile"
561,"page_2_mobile"
1187,"page_6_mobile"
1061,"page_2_mobile"
748,"page_2_mobile"
793,"page_5_mobile"
1310,"page_4_mobile"
1359,"page_5_mobile"
82,"page_4_mobile"
1945,"page_1_mobile"
1731,"page_4_mobile"
1474,"page_7_mobile"
1063,"page_8_mobile"
997,"page_4_mobile"
1549,"page_1_mobile"
541,"page_3_mobile"
913,"page_2_mobile"
1314,"page_5_mobile"
1072,"page_6_mobile"
263,"page_8_mobile"
389,"page_4_mobile"
1096,"page_8_mobile"
1964,"page_4_mobile"
90,"page_7_mobile"
699,"page_7_mobile"
1571,"page_5_mobile"
1347,"page_8_mobile"
1456,"page_1_mobile"
797,"page_4_mobile"
1942,"page_7_mobile"
626,"page_6_mobile"
683,"page_3_mobile"
1535,"page_1_mobile"
512,"page_6_mobile"
1196,"page_4_mobile"
160,"page_4_mobile"
206,"page_4_mobile"
924,"page_3_mobile"
1938,"page_3_mobile"
533,"page_2_mobile"
789,"page_5_mobile"
1761,"page_2_mobile"
785,"page_8_mobile"
1985,"page_2_mobile"
793,"page_1_mobile"
1192,"page_4_mobile"
185,"page_3_mobile"
956,"page_3_mobile"
1894,"page_7_mobile"
282,"page_2_mobile"
1311,"page_1_mobile"
52,"page_7_mobile"
1316,"page_2_mobile"
184,"page_8_mobile"
1230,"page_2_mobile"
62,"page_4_mobile"
27,"page_6_mobile"
188,"page_7_mobile"
436,"page_7_mobile"
1375,"page_6_mobile"
1000,"page_5_mobile"
526,"page_1_mobile"
1328,"page_5_mobile"
224,"page_3_mobile"
315,"page_5_mobile"
917,"page_7_mobile"
1326,"page_5_mobile"
1902,"page_1_mobile"
349,"page_2_mobile"
846,"page_4_mobile"
1318,"page_6_mobile"
34,"page_3_mobile"
1661,"page_1_mobile"
1023,"page_6_mobile"
869,"page_1_mobile"
1822,"page_8_mobile"
1686,"page_3_mobile"
638,"page_6_mobile"
1041,"page_6_mobile"
994,"page_4_mobile"
611,"page_2_mobile"
1373,"page_3_mobile"
441,"page_1_mobile"
490,"page_6_mobile"
1147,"page_3_mobile"
133,"page_2_mobile"
401,"page_1_mobile"
1881,"page_6_mobile"
1194,"page_8_mobile"
176,"page_1_mobile"
480,"page_3_mobile"
1510,"page_2_mobile"
1607,"page_2_mobile"
969,"page_1_mobile"
1781,"page_6_mobile"
1166,"page_4_mobile"
989,"page_8_mobile"
1853,"page_4_mobile"
521,"page_6_mobile"
1575,"page_5_mobile"
289,"page_7_mobile"
1861,"page_3_mobile"
575,"page_2_mobile"
1812,"page_7_mobile"
582,"page_8_mobile"
353,"page_1_mobile"
1189,"page_1_mobile"
1589,"page_5_mobile"
1164,"page_5_mobile"
1123,"page_2_mobile"
329,"page_8_mobile"
471,"page_6_mobile"
1072,"page_8_mobile"
922,"page_7_mobile"
813,"page_8_mobile"
1690,"page_3_mobile"
107,"page_1_mobile"
249,"page_8_mobile"
1054,"page_6_mobile"
425,"page_2_mobile"
1569,"page_2_mobile"
620,"page_8_mobile"
750,"page_8_mobile"
1589,"page_6_mobile"
278,"page_2_mobile"
1941,"page_6_mobile"
1728,"page_2_mobile"
1027,"page_3_mobile"
248,"page_8_mobile"
922,"page_8_mobile"
64,"page_2_mobile"
1281,"page_2_mobile"
1928,"page_8_mobile"
453,"page_6_mobile"
149,"page_1_mobile"
1571,"page_2_mobile"
1040,"page_6_mobile"
314,"page_7_mobile"
772,"page_8_mobile"
1471,"page_5_mobile"
1284,"page_1_mobile"
1072,"page_4_mobile"
1049,"page_1_mobile"
1664,"page_1_mobile"
443,"page_5_mobile"
955,"page_1_mobile"
239,"page_4_mobile"
515,"page_2_mobile"
103,"page_3_mobile"
206,"page_6_mobile"
520,"page_1_mobile"
1620,"page_8_mobile"
692,"page_4_mobile"
1228,"page_1_mobile"
694,"page_2_mobile"
220,"page_7_mobile"
882,"page_6_mobile"
51,"page_8_mobile"
1873,"page_3_mobile"
465,"page_3_mobile"
1986,"page_7_mobile"
1607,"page_8_mobile"
587,"page_1_mobile"
1093,"page_3_mobile"
1181,"page_1_mobile"
258,"page_8_mobile"
1968,"page_5_mobile"
1080,"page_2_mobile"
745,"page_1_mobile"
396,"page_8_mobile"
1832,"page_3_mobile"
1731,"page_8_mobile"
167,"page_2_mobile"
1235,"page_8_mobile"
1198,"page_2_mobile"
1619,"page_7_mobile"
1464,"page_8_mobile"
1841,"page_7_mobile"
1543,"page_7_mobile"
1310,"page_3_mobile"
1753,"page_7_mobile"
1497,"page_6_mobile"
1810,"page_5_mobile"
680,"page_2_mobile"
315,"page_5_mobile"
280,"page_7_mobile"
823,"page_1_mobile"
56,"page_2_mobile"
1677,"page_2_mobile"
519,"page_8_mobile"
500,"page_1_mobile"
1716,"page_8_mobile"
1130,"page_7_mobile"
1076,"page_1_mobile"
393,"page_5_mobile"
1402,"page_4_mobile"
1004,"page_4_mobile"
547,"page_7_mobile"
611,"page_3_mobile"
1184,"page_1_mobile"
1897,"page_6_mobile"
20,"page_4_mobile"
1276,"page_6_mobile"
1119,"page_1_mobile"
1802,"page_6_mobile"
1922,"page_5_mobile"
1061,"page_3_mobile"
1206,"page_7_mobile"
1811,"page_3_mobile"
595,"page_1_mobile"
477,"page_6_mobile"
1562,"page_3_mobile"
1479,"page_5_mobile"
56,"page_8_mobile"
303,"page_1_mobile"
728,"page_8_mobile"
1290,"page_1_mobile"
1565,"page_6_mobile"
523,"page_2_mobile"
316,"page_8_mobile"
201,"page_6_mobile"
769,"page_5_mobile"
493,"page_6_mobile"
1181,"page_2_mobile"
406,"page_7_mobile"
1998,"page_4_mobile"
1807,"page_4_mobile"
784,"page_5_mobile"
1611,"page_6_mobile"
672,"page_8_mobile"
967,"page_3_mobile"
461,"page_2_mobile"
1338,"page_6_mobile"
757,"page_5_mobile"
479,"page_3_mobile"
99,"page_8_mobile"
1021,"page_7_mobile"
1529,"page_6_mobile"
1174,"page_2_mobile"
1773,"page_6_mobile"
1820,"page_4_mobile"
680,"page_6_mobile"
1097,"page_4_mobile"
373,"page_8_mobile"
1558,"page_8_mobile"
343,"page_6_mobile"
1234,"page_4_mobile"
1381,"page_4_mobile"
141,"page_8_mobile"
1196,"page_5_mobile"
468,"page_2_mobile"
640,"page_4_mobile"
1208,"page_4_mobile"
1190,"page_7_mobile"
1481,"page_5_mobile"
1933,"page_8_mobile"
1009,"page_6_mobile"
405,"page_4_mobile"
439,"page_3_mobile"
1939,"page_2_mobile"
1514,"page_7_mobile"
1023,"page_2_mobile"
1702,"page_7_mobile"
835,"page_2_mobile"
220,"page_1_mobile"
851,"page_6_mobile"
440,"page_7_mobile"
669,"page_7_mobile"
942,"page_7_mobile"
1098,"page_6_mobile"
1464,"page_5_mobile"
1389,"page_1_mobile"
1713,"page_8_mobile"
273,"page_4_mobile"
1480,"page_5_mobile"
990,"page_3_mobile"
842,"page_5_mobile"
1694,"page_8_mobile"
186,"page_5_mobile"
365,"page_8_mobile"
578,"page_8_mobile"
1745,"page_6_mobile"
986,"page_2_mobile"
26,"page_4_mobile"
1825,"page_1_mobile"
871,"page_3_mobile"
557,"page_2_mobile"
43,"page_8_mobile"
124,"page_5_mobile"
660,"page_7_mobile"
1795,"page_4_mobile"
1579,"page_7_mobile"
67,"page_6_mobile"
598,"page_1_mobile"
543,"page_3_mobile"
131,"page_5_mobile"
566,"page_2_mobile"
1225,"page_8_mobile"
138,"page_8_mobile"
426,"page_4_mobile"
1824,"page_1_mobile"
786,"page_5_mobile"
367,"page_5_mobile"
1006,"page_3_mobile"
1287,"page_4_mobile"
914,"page_3_mobile"
696,"page_7_mobile"
1176,"page_2_mobile"
1811,"page_2_mobile"
1881,"page_3_mobile"
1372,"page_2_mobile"
814,"page_5_mobile"
1403,"page_5_mobile"
402,"page_6_mobile"
1194,"page_1_mobile"
1912,"page_3_mobile"
264,"page_7_mobile"
1262,"page_7_mobile"
1080,"page_5_mobile"
1582,"page_3_mobile"
1190,"page_2_mobile"
93,"page_4_mobile"
968,"page_8_mobile"
318,"page_6_mobile"
613,"page_4_mobile"
124,"page_2_mobile"
1571,"page_2_mobile"
515,"page_6_mobile"
603,"page_4_mobile"
1478,"page_6_mobile"
517,"page_4_mobile"
130,"page_8_mobile"
243,"page_4_mobile"
491,"page_3_mobile"
1582,"page_2_mobile"
982,"page_1_mobile"
1105,"page_2_mobile"
1737,"page_4_mobile"
1332,"page_3_mobile"
1094,"page_8_mobile"
157,"page_2_mobile"
549,"page_4_mobile"
262,"page_7_mobile"
1536,"page_2_mobile"
874,"page_5_mobile"
1317,"page_6_mobile"
207,"page_4_mobile"
76,"page_7_mobile"
923,"page_2_mobile"
1069,"page_8_mobile"
1485,"page_7_mobile"
346,"page_2_mobile"
1804,"page_1_mobile"
968,"page_4_mobile"
1056,"page_2_mobile"
818,"page_1_mobile"
1759,"page_2_mobile"
1448,"page_7_mobile"
949,"page_6_mobile"
1138,"page_6_mobile"
251,"page_1_mobile"
891,"page_7_mobile"
816,"page_3_mobile"
1726,"page_1_mobile"
644,"page_6_mobile"
189,"page_1_mobile"
1700,"page_5_mobile"
319,"page_2_mobile"
1468,"page_7_mobile"
609,"page_6_mobile"
1234,"page_6_mobile"
574,"page_8_mobile"
8,"page_3_mobile"
1590,"page_4_mobile"
1270,"page_6_mobile"
423,"page_2_mobile"
1969,"page_8_mobile"
961,"page_8_mobile"
1088,"page_8_mobile"
1347,"page_7_mobile"
700,"page_5_mobile"
1781,"page_8_mobile"
16,"page_8_mobile"
1556,"page_1_mobile"
833,"page_6_mobile"
620,"page_2_mobile"
819,"page_7_mobile"
544,"page_3_mobile"
830,"page_3_mobile"
1138,"page_2_mobile"
200,"page_3_mobile"
455,"page_1_mobile"
620,"page_1_mobile"
1163,"page_1_mobile"
1238,"page_1_mobile"
1225,"page_5_mobile"
440,"page_4_mobile"
1544,"page_6_mobile"
1551,"page_8_mobile"
1776,"page_1_mobile"
56,"page_1_mobile"
1143,"page_5_mobile"
1707,"page_5_mobile"
647,"page_5_mobile"
923,"page_5_mobile"
1177,"page_4_mobile"
1793,"page_6_mobile"
1701,"page_1_mobile"
1071,"page_8_mobile"
1371,"page_8_mobile"
1159,"page_5_mobile"
1559,"page_5_mobile"
38,"page_5_mobile"
667,"page_1_mobile"
198,"page_5_mobile"
958,"page_2_mobile"
63,"page_4_mobile"
1504,"page_4_mobile"
962,"page_8_mobile"
889,"page_1_mobile"
1779,"page_3_mobile"
148,"page_4_mobile"
163,"page_2_mobile"
63,"page_2_mobile"
893,"page_7_mobile"
1402,"page_3_mobile"
520,"page_4_mobile"
846,"page_7_mobile"
989,"page_4_mobile"
1515,"page_5_mobile"
556,"page_8_mobile"
700,"page_1_mobile"
1493,"page_3_mobile"
1428,"page_4_mobile"
737,"page_5_mobile"
1435,"page_4_mobile"
221,"page_4_mobile"
1099,"page_5_mobile"
499,"page_3_mobile"
1375,"page_5_mobile"
1309,"page_5_mobile"
1516,"page_7_mobile"
391,"page_1_mobile"
736,"page_8_mobile"
627,"page_2_mobile"
1419,"page_8_mobile"
16,"page_5_mobile"
1764,"page_3_mobile"
1234,"page_8_mobile"
1179,"page_6_mobile"
513,"page_3_mobile"
506,"page_4_mobile"
1449,"page_6_mobile"
1022,"page_1_mobile"
527,"page_8_mobile"
1068,"page_4_mobile"
1629,"page_1_mobile"
1602,"page_2_mobile"
874,"page_2_mobile"
247,"page_5_mobile"
1534,"page_8_mobile"
518,"page_4_mobile"
1704,"page_7_mobile"
1351,"page_3_mobile"
1682,"page_2_mobile"
299,"page_2_mobile"
1214,"page_3_mobile"
540,"page_1_mobile"
895,"page_1_mobile"
1728,"page_1_mobile"
424,"page_1_mobile"
1517,"page_1_mobile"
773,"page_4_mobile"
957,"page_6_mobile"
341,"page_2_mobile"
1366,"page_8_mobile"
1160,"page_2_mobile"
557,"page_4_mobile"
426,"page_6_mobile"
54,"page_7_mobile"
308,"page_3_mobile"
797,"page_7_mobile"
642,"page_8_mobile"
1315,"page_8_mobile"
1478,"page_2_mobile"
1094,"page_8_mobile"
986,"page_8_mobile"
490,"page_2_mobile"
1382,"page_7_mobile"
1476,"page_8_mobile"
139,"page_7_mobile"
561,"page_4_mobile"
687,"page_5_mobile"
640,"page_4_mobile"
417,"page_6_mobile"
1960,"page_1_mobile"
1539,"page_8_mobile"
803,"page_3_mobile"
1144,"page_7_mobile"
1392,"page_8_mobile"
830,"page_8_mobile"
537,"page_8_mobile"
1704,"page_8_mobile"
1775,"page_3_mobile"
1750,"page_5_mobile"
320,"page_4_mobile"
1157,"page_7_mobile"
1889,"page_3_mobile"
921,"page_2_mobile"
1258,"page_4_mobile"
1370,"page_2_mobile"
319,"page_1_mobile"
476,"page_7_mobile"
1388,"page_3_mobile"
1236,"page_8_mobile"
1965,"page_1_mobile"
1689,"page_8_mobile"
215,"page_2_mobile"
745,"page_3_mobile"
1416,"page_8_mobile"
1028,"page_4_mobile"
1737,"page_3_mobile"
1413,"page_6_mobile"
448,"page_7_mobile"
1055,"page_8_mobile"
1862,"page_5_mobile"
1990,"page_5_mobile"
1888,"page_2_mobile"
86,"page_7_mobile"
1182,"page_1_mobile"
784,"page_5_mobile"
147,"page_8_mobile"
856,"page_2_mobile"
140,"page_4_mobile"
442,"page_5_mobile"
1740,"page_5_mobile"
227,"page_3_mobile"
1625,"page_1_mobile"
1251,"page_6_mobile"
219,"page_7_mobile"
1634,"page_2_mobile"
1184,"page_5_mobile"
1989,"page_6_mobile"
419,"page_4_mobile"
1349,"page_1_mobile"
1800,"page_3_mobile"
1531,"page_1_mobile"
160,"page_7_mobile"
254,"page_5_mobile"
114,"page_1_mobile"
1608,"page_8_mobile"
1505,"page_5_mobile"
199,"page_5_mobile"
675,"page_2_mobile"
1582,"page_5_mobile"
1980,"page_7_mobile"
1998,"page_8_mobile"
1731,"page_5_mobile"
963,"page_2_mobile"
378,"page_8_mobile"
1157,"page_5_mobile"
1845,"page_1_mobile"
1452,"page_6_mobile"
1308,"page_3_mobile"
886,"page_4_mobile"
119,"page_2_mobile"
1672,"page_4_mobile"
1549,"page_5_mobile"
1217,"page_6_mobile"
1521,"page_8_mobile"
889,"page_3_mobile"
1242,"page_7_mobile"
936,"page_4_mobile"
533,"page_5_mobile"
114,"page_1_mobile"
293,"page_6_mobile"
633,"page_2_mobile"
1686,"page_8_mobile"
1515,"page_8_mobile"
288,"page_5_mobile"
1988,"page_7_mobile"
1805,"page_3_mobile"
1427,"page_8_mobile"
1261,"page_5_mobile"
367,"page_2_mobile"
1430,"page_5_mobile"
793,"page_5_mobile"
48,"page_3_mobile"
1044,"page_7_mobile"
291,"page_8_mobile"
1382,"page_8_mobile"
638,"page_1_mobile"
1009,"page_4_mobile"
1453,"page_1_mobile"
1850,"page_8_mobile"
1277,"page_1_mobile"
1208,"page_8_mobile"
1332,"page_5_mobile"
675,"page_3_mobile"
249,"page_8_mobile"
290,"page_6_mobile"
1565,"page_2_mobile"
1126,"page_3_mobile"
1348,"page_2_mobile"
147,"page_3_mobile"
1690,"page_1_mobile"
1347,"page_4_mobile"
1161,"page_2_mobile"
57,"page_4_mobile"
1672,"page_2_mobile"
1369,"page_6_mobile"
400,"page_5_mobile"
710,"page_8_mobile"
919,"page_3_mobile"
589,"page_6_mobile"
1159,"page_1_mobile"
1674,"page_7_mobile"
215,"page_8_mobile"
1693,"page_4_mobile"
1842,"page_3_mobile"
1345,"page_5_mobile"
277,"page_7_mobile"
1437,"page_3_mobile"
1564,"page_4_mobile"
232,"page_6_mobile"
1628,"page_4_mobile"
1637,"page_2_mobile"
370,"page_3_mobile"
1457,"page_3_mobile"
1370,"page_6_mobile"
1273,"page_7_mobile"
1255,"page_2_mobile"
1402,"page_4_mobile"
1944,"page_5_mobile"
1179,"page_8_mobile"
1536,"page_2_mobile"
305,"page_3_mobile"
1585,"page_4_mobile"
227,"page_5_mobile"
1269,"page_4_mobile"
1851,"page_4_mobile"
1911,"page_7_mobile"
1175,"page_7_mobile"
1373,"page_3_mobile"
792,"page_5_mobile"
1255,"page_4_mobile"
643,"page_8_mobile"
388,"page_1_mobile"
18,"page_8_mobile"
1308,"page_1_mobile"
109,"page_4_mobile"
1599,"page_3_mobile"
169,"page_3_mobile"
1952,"page_3_mobile"
1697,"page_8_mobile"
1330,"page_1_mobile"
1254,"page_4_mobile"
117,"page_5_mobile"
1220,"page_2_mobile"
696,"page_3_mobile"
1491,"page_5_mobile"
748,"page_7_mobile"
1267,"page_5_mobile"
1524,"page_1_mobile"
1218,"page_6_mobile"
1756,"page_6_mobile"
1150,"page_8_mobile"
552,"page_3_mobile"
1845,"page_7_mobile"
1280,"page_4_mobile"
1852,"page_4_mobile"
946,"page_3_mobile"
703,"page_5_mobile"
58,"page_2_mobile"
1148,"page_3_mobile"
532,"page_5_mobile"
125,"page_6_mobile"
419,"page_3_mobile"
829,"page_8_mobile"
1175,"page_2_mobile"
1827,"page_4_mobile"
179,"page_5_mobile"
931,"page_7_mobile"
1839,"page_7_mobile"
1529,"page_8_mobile"
1583,"page_6_mobile"
218,"page_4_mobile"
637,"page_5_mobile"
973,"page_7_mobile"
1048,"page_2_mobile"
284,"page_6_mobile"
965,"page_5_mobile"
1637,"page_1_mobile"
9,"page_8_mobile"
1641,"page_7_mobile"
690,"page_5_mobile"
371,"page_3_mobile"
159,"page_7_mobile"
1366,"page_1_mobile"
896,"page_1_mobile"
497,"page_2_mobile"
1579,"page_6_mobile"
394,"page_5_mobile"
138,"page_3_mobile"
1514,"page_8_mobile"
1086,"page_8_mobile"
1890,"page_4_mobile"
991,"page_3_mobile"
1108,"page_6_mobile"
1581,"page_3_mobile"
968,"page_1_mobile"
519,"page_3_mobile"
1436,"page_3_mobile"
249,"page_5_mobile"
1422,"page_6_mobile"
510,"page_5_mobile"
1966,"page_6_mobile"
1826,"page_8_mobile"
461,"page_1_mobile"
1936,"page_5_mobile"
45,"page_7_mobile"
204,"page_6_mobile"
792,"page_8_mobile"
1913,"page_7_mobile"
1444,"page_6_mobile"
39,"page_6_mobile"
982,"page_5_mobile"
1338,"page_4_mobile"
1277,"page_2_mobile"
1392,"page_8_mobile"
1375,"page_5_mobile"
1660,"page_2_mobile"
121,"page_3_mobile"
1816,"page_6_mobile"
1165,"page_6_mobile"
1381,"page_7_mobile"
818,"page_7_mobile"
382,"page_7_mobile"
544,"page_1_mobile"
166,"page_7_mobile"
1531,"page_8_mobile"
1237,"page_6_mobile"
1441,"page_1_mobile"
1881,"page_2_mobile"
1267,"page_7_mobile"
1100,"page_7_mobile"
672,"page_6_mobile"
1050,"page_1_mobile"
1405,"page_2_mobile"
1772,"page_4_mobile"
1657,"page_6_mobile"
698,"page_2_mobile"
1231,"page_3_mobile"
1312,"page_7_mobile"
1655,"page_6_mobile"
784,"page_3_mobile"
1694,"page_6_mobile"
1289,"page_8_mobile"
487,"page_7_mobile"
1779,"page_3_mobile"
1329,"page_4_mobile"
1567,"page_3_mobile"
1649,"page_2_mobile"
1897,"page_7_mobile"
1949,"page_6_mobile"
1709,"page_2_mobile"
60,"page_1_mobile"
943,"page_2_mobile"
1448,"page_8_mobile"
1873,"page_7_mobile"
101,"page_3_mobile"
548,"page_3_mobile"
1301,"page_6_mobile"
760,"page_7_mobile"
1178,"page_2_mobile"
978,"page_8_mobile"
1214,"page_8_mobile"
1887,"page_6_mobile"
1377,"page_1_mobile"
504,"page_4_mobile"
1846,"page_8_mobile"
843,"page_5_mobile"
623,"page_6_mobile"
239,"page_1_mobile"
1432,"page_3_mobile"
1980,"page_3_mobile"
1246,"page_2_mobile"
1762,"page_7_mobile"
119,"page_5_mobile"
1502,"page_4_mobile"
685,"page_5_mobile"
1785,"page_1_mobile"
1185,"page_5_mobile"
793,"page_5_mobile"
34,"page_5_mobile"
1797,"page_7_mobile"
198,"page_4_mobile"
761,"page_5_mobile"
1332,"page_2_mobile"
1655,"page_5_mobile"
1195,"page_5_mobile"
419,"page_1_mobile"
577,"page_8_mobile"
391,"page_5_mobile"
592,"page_8_mobile"
1527,"page_2_mobile"
782,"page_7_mobile"
1555,"page_3_mobile"
516,"page_7_mobile"
742,"page_4_mobile"
1664,"page_6_mobile"
1130,"page_8_mobile"
769,"page_1_mobile"
845,"page_4_mobile"
1129,"page_7_mobile"
1736,"page_7_mobile"
669,"page_2_mobile"
1806,"page_5_mobile"
1937,"page_2_mobile"
496,"page_4_mobile"
1188,"page_6_mobile"
362,"page_4_mobile"
276,"page_6_mobile"
923,"page_6_mobile"
1910,"page_3_mobile"
1345,"page_6_mobile"
1258,"page_4_mobile"
1349,"page_4_mobile"
517,"page_1_mobile"
1948,"page_1_mobile"
1117,"page_5_mobile"
1132,"page_1_mobile"
1143,"page_6_mobile"
1329,"page_4_mobile"
90,"page_8_mobile"
799,"page_7_mobile"
1754,"page_4_mobile"
1174,"page_2_mobile"
1792,"page_3_mobile"
1017,"page_4_mobile"
152,"page_4_mobile"
613,"page_4_mobile"
