"user_id","page"
1210,"page_1_web"
1275,"page_1_web"
1283,"page_4_web"
1163,"page_4_web"
96,"page_2_web"
2000,"page_5_web"
908,"page_1_web"
180,"page_1_web"
361,"page_7_web"
333,"page_2_web"
754,"page_6_web"
1307,"page_6_web"
1894,"page_2_web"
762,"page_3_web"
1792,"page_4_web"
558,"page_2_web"
411,"page_2_web"
1537,"page_6_web"
777,"page_6_web"
1782,"page_7_web"
989,"page_1_web"
325,"page_6_web"
1436,"page_2_web"
406,"page_1_web"
1296,"page_2_web"
1871,"page_7_web"
792,"page_1_web"
455,"page_8_web"
408,"page_3_web"
513,"page_5_web"
605,"page_4_web"
1133,"page_6_web"
883,"page_5_web"
1031,"page_1_web"
891,"page_3_web"
355,"page_5_web"
1845,"page_3_web"
594,"page_6_web"
1929,"page_1_web"
1788,"page_3_web"
1530,"page_2_web"
1303,"page_8_web"
1448,"page_2_web"
434,"page_7_web"
1028,"page_1_web"
927,"page_1_web"
1455,"page_2_web"
871,"page_5_web"
1266,"page_8_web"
760,"page_1_web"
536,"page_6_web"
35,"page_6_web"
1460,"page_3_web"
300,"page_4_web"
838,"page_4_web"
370,"page_4_web"
160,"page_8_web"
189,"page_1_web"
1091,"page_6_web"
1348,"page_2_web"
1212,"page_6_web"
1849,"page_8_web"
378,"page_3_web"
1958,"page_6_web"
668,"page_7_web"
1368,"page_1_web"
916,"page_5_web"
802,"page_4_web"
1117,"page_3_web"
955,"page_1_web"
1337,"page_6_web"
1984,"page_4_web"
66,"page_4_web"
1485,"page_3_web"
603,"page_7_web"
1898,"page_2_web"
691,"page_8_web"
1852,"page_4_web"
1273,"page_2_web"
793,"page_4_web"
1882,"page_1_web"
593,"page_3_web"
131,"page_6_web"
1762,"page_7_web"
313,"page_2_web"
1543,"page_8_web"
489,"page_4_web"
1255,"page_1_web"
255,"page_2_web"
689,"page_4_web"
519,"page_4_web"
1387,"page_2_web"
1778,"page_1_web"
1208,"page_2_web"
659,"page_4_web"
739,"page_2_web"
686,"page_4_web"
1557,"page_2_web"
1332,"page_5_web"
750,"page_5_web"
1201,"page_5_web"
409,"page_2_web"
455,"page_6_web"
221,"page_6_web"
1479,"page_3_web"
1952,"page_4_web"
469,"page_6_web"
591,"page_1_web"
236,"page_6_web"
1604,"page_7_web"
495,"page_4_web"
1111,"page_3_web"
379,"page_2_web"
387,"page_4_web"
1245,"page_5_web"
1618,"page_1_web"
554,"page_7_web"
1156,"page_6_web"
1766,"page_7_web"
1087,"page_2_web"
573,"page_8_web"
1750,"page_7_web"
135,"page_3_web"
1502,"page_8_web"
1849,"page_4_web"
1333,"page_5_web"
833,"page_3_web"
223,"page_3_web"
1258,"page_3_web"
263,"page_3_web"
1102,"page_6_web"
522,"page_4_web"
629,"page_7_web"
158,"page_7_web"
1561,"page_2_web"
1901,"page_4_web"
1390,"page_4_web"
522,"page_4_web"
649,"page_6_web"
456,"page_8_web"
429,"page_3_web"
1753,"page_3_web"
466,"page_1_web"
400,"page_4_web"
1020,"page_5_web"
1054,"page_6_web"
1528,"page_8_web"
829,"page_2_web"
1977,"page_3_web"
820,"page_8_web"
372,"page_5_web"
36,"page_1_web"
1979,"page_8_web"
1247,"page_5_web"
51,"page_5_web"
1303,"page_4_web"
1054,"page_5_web"
89,"page_3_web"
906,"page_7_web"
1370,"page_1_web"
1538,"page_3_web"
857,"page_2_web"
1898,"page_2_web"
109,"page_1_web"
511,"page_1_web"
1880,"page_3_web"
60,"page_4_web"
863,"page_1_web"
176,"page_8_web"
468,"page_6_web"
578,"page_2_web"
1475,"page_4_web"
1821,"page_1_web"
1899,"page_6_web"
943,"page_7_web"
1938,"page_7_web"
1644,"page_5_web"
1694,"page_8_web"
1883,"page_4_web"
1831,"page_7_web"
1982,"page_8_web"
1545,"page_1_web"
1317,"page_1_web"
1648,"page_2_web"
639,"page_1_web"
824,"page_7_web"
1377,"page_8_web"
289,"page_5_web"
1399,"page_1_web"
1846,"page_8_web"
137,"page_6_web"
1637,"page_2_web"
188,"page_3_web"
890,"page_8_web"
1981,"page_4_web"
85,"page_6_web"
151,"page_8_web"
1868,"page_7_web"
1662,"page_4_web"
314,"page_3_web"
536,"page_1_web"
670,"page_8_web"
70,"page_4_web"
1946,"page_7_web"
1505,"page_1_web"
972,"page_4_web"
1628,"page_3_web"
1071,"page_8_web"
1205,"page_6_web"
549,"page_5_web"
1190,"page_7_web"
147,"page_7_web"
62,"page_8_web"
661,"page_8_web"
424,"page_6_web"
1530,"page_3_web"
775,"page_7_web"
1082,"page_7_web"
1810,"page_6_web"
1061,"page_6_web"
274,"page_5_web"
444,"page_2_web"
628,"page_2_web"
1068,"page_2_web"
1035,"page_3_web"
1707,"page_7_web"
1168,"page_5_web"
1631,"page_6_web"
59,"page_7_web"
684,"page_1_web"
36,"page_2_web"
70,"page_2_web"
300,"page_8_web"
584,"page_3_web"
917,"page_5_web"
1801,"page_5_web"
1886,"page_4_web"
1280,"page_8_web"
222,"page_6_web"
249,"page_4_web"
1249,"page_5_web"
1621,"page_8_web"
930,"page_3_web"
1142,"page_5_web"
407,"page_2_web"
676,"page_3_web"
1018,"page_8_web"
540,"page_6_web"
775,"page_4_web"
497,"page_1_web"
1725,"page_5_web"
1647,"page_2_web"
1507,"page_7_web"
235,"page_5_web"
1683,"page_6_web"
183,"page_1_web"
844,"page_3_web"
635,"page_4_web"
261,"page_5_web"
209,"page_3_web"
989,"page_4_web"
1701,"page_4_web"
1240,"page_7_web"
1580,"page_1_web"
235,"page_4_web"
948,"page_2_web"
1857,"page_5_web"
1801,"page_3_web"
451,"page_5_web"
591,"page_1_web"
1304,"page_2_web"
1957,"page_6_web"
893,"page_4_web"
1516,"page_5_web"
1934,"page_1_web"
26,"page_4_web"
1353,"page_7_web"
1290,"page_7_web"
1054,"page_6_web"
656,"page_7_web"
509,"page_8_web"
620,"page_5_web"
779,"page_1_web"
1832,"page_2_web"
1007,"page_4_web"
1123,"page_2_web"
770,"page_4_web"
430,"page_4_web"
400,"page_5_web"
1163,"page_6_web"
910,"page_2_web"
1066,"page_5_web"
1289,"page_7_web"
336,"page_6_web"
421,"page_8_web"
645,"page_2_web"
1609,"page_1_web"
1141,"page_8_web"
1917,"page_4_web"
161,"page_7_web"
787,"page_2_web"
1832,"page_5_web"
863,"page_6_web"
1141,"page_2_web"
284,"page_3_web"
1040,"page_4_web"
1786,"page_3_web"
1482,"page_6_web"
1248,"page_8_web"
889,"page_5_web"
1126,"page_8_web"
294,"page_6_web"
1901,"page_6_web"
1066,"page_1_web"
1268,"page_7_web"
1011,"page_7_web"
686,"page_1_web"
1392,"page_4_web"
228,"page_2_web"
685,"page_6_web"
1712,"page_3_web"
863,"page_1_web"
890,"page_8_web"
807,"page_7_web"
1259,"page_3_web"
1107,"page_3_web"
256,"page_7_web"
337,"page_7_web"
1096,"page_1_web"
1175,"page_1_web"
1230,"page_3_web"
1601,"page_3_web"
1269,"page_6_web"
1608,"page_4_web"
1884,"page_1_web"
1743,"page_3_web"
1681,"page_7_web"
330,"page_8_web"
1635,"page_4_web"
477,"page_7_web"
305,"page_7_web"
541,"page_1_web"
895,"page_4_web"
393,"page_4_web"
367,"page_7_web"
751,"page_2_web"
492,"page_5_web"
680,"page_5_web"
37,"page_2_web"
1324,"page_7_web"
842,"page_3_web"
1743,"page_6_web"
1306,"page_7_web"
974,"page_1_web"
835,"page_6_web"
968,"page_8_web"
1464,"page_4_web"
789,"page_1_web"
1904,"page_7_web"
1867,"page_3_web"
836,"page_1_web"
1661,"page_3_web"
1591,"page_1_web"
1927,"page_3_web"
1366,"page_8_web"
977,"page_7_web"
1317,"page_3_web"
660,"page_4_web"
698,"page_1_web"
1295,"page_5_web"
1459,"page_7_web"
28,"page_5_web"
465,"page_1_web"
1627,"page_6_web"
1299,"page_1_web"
1892,"page_4_web"
1089,"page_1_web"
1264,"page_8_web"
1001,"page_2_web"
518,"page_6_web"
1549,"page_4_web"
50,"page_8_web"
1917,"page_2_web"
268,"page_6_web"
514,"page_4_web"
408,"page_7_web"
268,"page_2_web"
1173,"page_1_web"
1437,"page_1_web"
640,"page_7_web"
654,"page_3_web"
980,"page_6_web"
1384,"page_3_web"
633,"page_7_web"
1568,"page_1_web"
1596,"page_7_web"
1599,"page_3_web"
277,"page_4_web"
32,"page_3_web"
328,"page_5_web"
1304,"page_6_web"
518,"page_5_web"
821,"page_2_web"
605,"page_2_web"
357,"page_2_web"
1885,"page_6_web"
1611,"page_8_web"
1788,"page_1_web"
1834,"page_3_web"
466,"page_7_web"
1899,"page_6_web"
896,"page_7_web"
27,"page_6_web"
237,"page_7_web"
1287,"page_5_web"
167,"page_1_web"
751,"page_3_web"
1646,"page_3_web"
1832,"page_4_web"
1101,"page_6_web"
617,"page_5_web"
1816,"page_7_web"
1497,"page_6_web"
1342,"page_3_web"
1185,"page_7_web"
1941,"page_3_web"
1724,"page_1_web"
603,"page_8_web"
299,"page_8_web"
205,"page_7_web"
1307,"page_5_web"
1560,"page_8_web"
1216,"page_1_web"
1154,"page_7_web"
184,"page_7_web"
571,"page_8_web"
1943,"page_3_web"
1229,"page_2_web"
1351,"page_7_web"
228,"page_6_web"
1243,"page_2_web"
1348,"page_8_web"
859,"page_7_web"
1777,"page_1_web"
1073,"page_2_web"
619,"page_1_web"
1343,"page_7_web"
138,"page_8_web"
255,"page_8_web"
706,"page_1_web"
1651,"page_7_web"
1968,"page_6_web"
1400,"page_8_web"
1125,"page_3_web"
195,"page_2_web"
1196,"page_5_web"
1510,"page_6_web"
15,"page_3_web"
1071,"page_5_web"
1738,"page_5_web"
564,"page_5_web"
575,"page_7_web"
1662,"page_6_web"
522,"page_4_web"
1026,"page_4_web"
1669,"page_3_web"
1506,"page_6_web"
310,"page_4_web"
1667,"page_4_web"
731,"page_7_web"
908,"page_2_web"
1903,"page_8_web"
299,"page_7_web"
891,"page_2_web"
1754,"page_3_web"
1192,"page_3_web"
414,"page_2_web"
1508,"page_5_web"
31,"page_4_web"
1230,"page_7_web"
328,"page_7_web"
814,"page_5_web"
38,"page_7_web"
491,"page_4_web"
197,"page_5_web"
221,"page_3_web"
791,"page_8_web"
1954,"page_5_web"
1775,"page_6_web"
561,"page_7_web"
1069,"page_7_web"
1976,"page_3_web"
793,"page_2_web"
867,"page_6_web"
568,"page_5_web"
1656,"page_3_web"
611,"page_3_web"
1074,"page_8_web"
1834,"page_8_web"
1734,"page_1_web"
383,"page_1_web"
1610,"page_2_web"
369,"page_2_web"
403,"page_3_web"
814,"page_8_web"
753,"page_8_web"
456,"page_3_web"
1792,"page_6_web"
673,"page_1_web"
1905,"page_5_web"
324,"page_8_web"
1668,"page_2_web"
300,"page_8_web"
277,"page_6_web"
141,"page_8_web"
1320,"page_5_web"
36,"page_8_web"
1785,"page_3_web"
1299,"page_6_web"
739,"page_8_web"
935,"page_5_web"
516,"page_4_web"
1168,"page_1_web"
312,"page_2_web"
962,"page_5_web"
657,"page_5_web"
1289,"page_1_web"
1779,"page_1_web"
1309,"page_6_web"
1443,"page_7_web"
1677,"page_7_web"
1812,"page_3_web"
1429,"page_1_web"
15,"page_6_web"
1236,"page_1_web"
1716,"page_8_web"
1646,"page_7_web"
1677,"page_1_web"
919,"page_2_web"
415,"page_6_web"
163,"page_1_web"
1359,"page_2_web"
365,"page_2_web"
1810,"page_7_web"
65,"page_4_web"
619,"page_7_web"
166,"page_5_web"
748,"page_6_web"
1813,"page_4_web"
176,"page_3_web"
461,"page_8_web"
207,"page_1_web"
1317,"page_6_web"
102,"page_7_web"
1170,"page_6_web"
1138,"page_1_web"
1463,"page_2_web"
1940,"page_2_web"
823,"page_1_web"
529,"page_7_web"
491,"page_2_web"
995,"page_6_web"
1896,"page_7_web"
1284,"page_8_web"
171,"page_3_web"
571,"page_2_web"
1394,"page_8_web"
785,"page_2_web"
455,"page_7_web"
1429,"page_3_web"
1134,"page_8_web"
1488,"page_5_web"
1151,"page_5_web"
636,"page_1_web"
431,"page_8_web"
397,"page_2_web"
1341,"page_1_web"
1458,"page_2_web"
608,"page_6_web"
593,"page_3_web"
1287,"page_2_web"
191,"page_3_web"
673,"page_6_web"
870,"page_4_web"
1521,"page_2_web"
1143,"page_4_web"
241,"page_1_web"
198,"page_4_web"
1709,"page_4_web"
766,"page_3_web"
1733,"page_6_web"
89,"page_4_web"
157,"page_4_web"
531,"page_6_web"
768,"page_1_web"
371,"page_3_web"
1165,"page_1_web"
637,"page_5_web"
1215,"page_4_web"
1932,"page_6_web"
264,"page_5_web"
127,"page_1_web"
496,"page_8_web"
1387,"page_8_web"
1451,"page_3_web"
675,"page_4_web"
802,"page_1_web"
1874,"page_8_web"
43,"page_7_web"
1875,"page_6_web"
745,"page_5_web"
1714,"page_4_web"
263,"page_3_web"
1173,"page_4_web"
1858,"page_2_web"
1400,"page_1_web"
1961,"page_3_web"
1900,"page_1_web"
827,"page_3_web"
1747,"page_1_web"
1717,"page_2_web"
1222,"page_4_web"
224,"page_8_web"
429,"page_1_web"
307,"page_6_web"
321,"page_5_web"
787,"page_4_web"
1547,"page_7_web"
951,"page_8_web"
826,"page_8_web"
737,"page_2_web"
240,"page_8_web"
503,"page_8_web"
941,"page_1_web"
733,"page_4_web"
1597,"page_2_web"
1777,"page_7_web"
874,"page_2_web"
452,"page_5_web"
643,"page_6_web"
1643,"page_4_web"
1013,"page_4_web"
928,"page_7_web"
1210,"page_8_web"
501,"page_1_web"
1706,"page_5_web"
44,"page_2_web"
1755,"page_1_web"
753,"page_1_web"
1322,"page_8_web"
1407,"page_3_web"
835,"page_1_web"
257,"page_2_web"
242,"page_6_web"
735,"page_5_web"
1863,"page_4_web"
1608,"page_3_web"
1167,"page_2_web"
1022,"page_6_web"
644,"page_7_web"
467,"page_6_web"
244,"page_1_web"
822,"page_6_web"
1718,"page_2_web"
1105,"page_8_web"
423,"page_1_web"
1538,"page_7_web"
1516,"page_4_web"
56,"page_8_web"
1843,"page_8_web"
1756,"page_7_web"
1483,"page_3_web"
1640,"page_1_web"
832,"page_2_web"
1259,"page_1_web"
1424,"page_7_web"
309,"page_2_web"
1057,"page_4_web"
1184,"page_1_web"
1144,"page_6_web"
346,"page_1_web"
914,"page_4_web"
1069,"page_4_web"
1207,"page_1_web"
1486,"page_7_web"
1151,"page_6_web"
96,"page_6_web"
1949,"page_3_web"
1422,"page_6_web"
1809,"page_2_web"
302,"page_5_web"
859,"page_6_web"
367,"page_7_web"
857,"page_5_web"
1477,"page_7_web"
1927,"page_5_web"
1339,"page_4_web"
1336,"page_1_web"
1526,"page_2_web"
798,"page_2_web"
147,"page_7_web"
1278,"page_8_web"
121,"page_1_web"
436,"page_8_web"
51,"page_4_web"
648,"page_7_web"
371,"page_4_web"
757,"page_5_web"
705,"page_5_web"
623,"page_1_web"
1260,"page_5_web"
1110,"page_5_web"
665,"page_8_web"
1308,"page_8_web"
573,"page_5_web"
1114,"page_8_web"
654,"page_5_web"
131,"page_7_web"
1575,"page_5_web"
1472,"page_6_web"
419,"page_4_web"
1424,"page_1_web"
1940,"page_1_web"
1957,"page_6_web"
1289,"page_7_web"
1439,"page_5_web"
441,"page_3_web"
592,"page_7_web"
1649,"page_8_web"
645,"page_3_web"
1662,"page_5_web"
933,"page_6_web"
643,"page_4_web"
1502,"page_4_web"
1828,"page_5_web"
878,"page_2_web"
1028,"page_3_web"
206,"page_4_web"
1188,"page_5_web"
992,"page_1_web"
273,"page_2_web"
651,"page_1_web"
1223,"page_5_web"
1764,"page_6_web"
1497,"page_6_web"
125,"page_8_web"
1039,"page_2_web"
202,"page_1_web"
1190,"page_4_web"
182,"page_6_web"
572,"page_8_web"
1306,"page_7_web"
1481,"page_3_web"
1711,"page_7_web"
1171,"page_2_web"
1293,"page_2_web"
118,"page_5_web"
1392,"page_1_web"
1227,"page_7_web"
114,"page_3_web"
478,"page_6_web"
554,"page_1_web"
329,"page_2_web"
932,"page_2_web"
1482,"page_3_web"
1112,"page_4_web"
1232,"page_5_web"
1274,"page_1_web"
742,"page_3_web"
500,"page_1_web"
404,"page_8_web"
1153,"page_6_web"
1906,"page_1_web"
410,"page_8_web"
1867,"page_8_web"
1140,"page_8_web"
1712,"page_7_web"
1844,"page_6_web"
1799,"page_4_web"
996,"page_4_web"
941,"page_1_web"
1291,"page_2_web"
212,"page_6_web"
1435,"page_2_web"
1351,"page_4_web"
1092,"page_8_web"
627,"page_1_web"
1647,"page_7_web"
858,"page_7_web"
1984,"page_4_web"
698,"page_1_web"
226,"page_2_web"
1896,"page_1_web"
1172,"page_5_web"
1842,"page_8_web"
380,"page_6_web"
190,"page_4_web"
287,"page_8_web"
499,"page_5_web"
911,"page_2_web"
58,"page_8_web"
599,"page_5_web"
1302,"page_6_web"
1414,"page_1_web"
1025,"page_7_web"
484,"page_7_web"
827,"page_5_web"
1297,"page_6_web"
736,"page_4_web"
1876,"page_7_web"
134,"page_2_web"
1398,"page_7_web"
1143,"page_7_web"
1562,"page_5_web"
1359,"page_2_web"
1245,"page_3_web"
1988,"page_7_web"
814,"page_6_web"
1765,"page_1_web"
1066,"page_4_web"
1629,"page_3_web"
1839,"page_3_web"
306,"page_5_web"
1459,"page_5_web"
1409,"page_7_web"
1840,"page_3_web"
1486,"page_3_web"
1740,"page_1_web"
857,"page_8_web"
1109,"page_7_web"
1183,"page_8_web"
129,"page_7_web"
849,"page_6_web"
1928,"page_8_web"
365,"page_7_web"
1533,"page_4_web"
1773,"page_6_web"
1240,"page_8_web"
1421,"page_2_web"
774,"page_2_web"
1795,"page_1_web"
1880,"page_1_web"
272,"page_2_web"
1791,"page_3_web"
1396,"page_5_web"
1637,"page_1_web"
228,"page_4_web"
1397,"page_6_web"
1475,"page_6_web"
83,"page_5_web"
395,"page_7_web"
35,"page_1_web"
1016,"page_7_web"
498,"page_7_web"
223,"page_2_web"
47,"page_1_web"
430,"page_2_web"
226,"page_5_web"
1193,"page_7_web"
64,"page_6_web"
1660,"page_7_web"
394,"page_5_web"
752,"page_5_web"
1987,"page_4_web"
142,"page_3_web"
1022,"page_2_web"
592,"page_5_web"
1979,"page_2_web"
1528,"page_2_web"
24,"page_4_web"
4,"page_5_web"
1102,"page_6_web"
515,"page_1_web"
387,"page_8_web"
56,"page_6_web"
1426,"page_5_web"
722,"page_5_web"
1745,"page_1_web"
440,"page_4_web"
168,"page_8_web"
1692,"page_2_web"
371,"page_7_web"
1216,"page_3_web"
172,"page_3_web"
1861,"page_1_web"
1728,"page_1_web"
929,"page_3_web"
1555,"page_7_web"
229,"page_5_web"
1023,"page_3_web"
1931,"page_1_web"
1809,"page_5_web"
703,"page_3_web"
1342,"page_7_web"
371,"page_7_web"
366,"page_5_web"
486,"page_5_web"
883,"page_5_web"
763,"page_7_web"
1856,"page_2_web"
977,"page_7_web"
470,"page_6_web"
1064,"page_6_web"
901,"page_2_web"
719,"page_2_web"
1083,"page_3_web"
1335,"page_1_web"
358,"page_4_web"
1778,"page_7_web"
641,"page_6_web"
1143,"page_7_web"
1801,"page_3_web"
1989,"page_4_web"
570,"page_8_web"
1236,"page_6_web"
1035,"page_8_web"
531,"page_4_web"
604,"page_3_web"
1668,"page_6_web"
136,"page_4_web"
1933,"page_7_web"
589,"page_2_web"
61,"page_4_web"
37,"page_2_web"
304,"page_4_web"
456,"page_6_web"
1818,"page_6_web"
275,"page_5_web"
31,"page_7_web"
1704,"page_7_web"
1840,"page_6_web"
1734,"page_6_web"
1527,"page_8_web"
65,"page_4_web"
844,"page_1_web"
1885,"page_2_web"
1217,"page_4_web"
615,"page_7_web"
974,"page_1_web"
86,"page_1_web"
1106,"page_1_web"
574,"page_2_web"
1692,"page_7_web"
1186,"page_5_web"
1287,"page_5_web"
1872,"page_4_web"
377,"page_5_web"
1431,"page_2_web"
946,"page_6_web"
429,"page_7_web"
1531,"page_5_web"
1841,"page_1_web"
1914,"page_2_web"
1077,"page_8_web"
1045,"page_3_web"
1226,"page_8_web"
1465,"page_8_web"
1882,"page_7_web"
1504,"page_4_web"
1514,"page_1_web"
809,"page_8_web"
1155,"page_8_web"
1843,"page_6_web"
1224,"page_5_web"
1136,"page_8_web"
1168,"page_1_web"
1596,"page_5_web"
1609,"page_1_web"
858,"page_7_web"
865,"page_5_web"
1074,"page_5_web"
1046,"page_8_web"
1183,"page_8_web"
405,"page_5_web"
594,"page_6_web"
763,"page_6_web"
58,"page_7_web"
118,"page_4_web"
1982,"page_6_web"
111,"page_5_web"
293,"page_8_web"
1697,"page_3_web"
696,"page_6_web"
272,"page_1_web"
1083,"page_1_web"
1967,"page_8_web"
411,"page_1_web"
530,"page_5_web"
495,"page_2_web"
892,"page_8_web"
222,"page_5_web"
1832,"page_1_web"
328,"page_1_web"
1340,"page_2_web"
654,"page_4_web"
1296,"page_2_web"
870,"page_5_web"
1908,"page_3_web"
1560,"page_6_web"
434,"page_7_web"
1200,"page_7_web"
495,"page_6_web"
1191,"page_6_web"
1823,"page_7_web"
1808,"page_5_web"
903,"page_1_web"
1446,"page_1_web"
767,"page_8_web"
282,"page_4_web"
576,"page_2_web"
1615,"page_8_web"
1817,"page_1_web"
1965,"page_8_web"
1512,"page_6_web"
1556,"page_2_web"
614,"page_4_web"
552,"page_4_web"
634,"page_7_web"
1445,"page_7_web"
738,"page_2_web"
923,"page_1_web"
679,"page_4_web"
1378,"page_6_web"
1420,"page_6_web"
342,"page_6_web"
1321,"page_4_web"
1146,"page_2_web"
1224,"page_2_web"
1564,"page_7_web"
1766,"page_2_web"
143,"page_6_web"
943,"page_4_web"
359,"page_1_web"
215,"page_4_web"
1117,"page_2_web"
1603,"page_5_web"
334,"page_7_web"
1344,"page_3_web"
1411,"page_2_web"
1124,"page_1_web"
1369,"page_1_web"
251,"page_8_web"
1114,"page_8_web"
788,"page_2_web"
921,"page_3_web"
1460,"page_8_web"
1043,"page_8_web"
818,"page_7_web"
447,"page_1_web"
157,"page_2_web"
540,"page_2_web"
1286,"page_6_web"
848,"page_8_web"
1725,"page_4_web"
1063,"page_2_web"
760,"page_8_web"
1592,"page_5_web"
116,"page_3_web"
532,"page_4_web"
465,"page_7_web"
1455,"page_3_web"
521,"page_8_web"
107,"page_1_web"
692,"page_4_web"
422,"page_4_web"
1328,"page_1_web"
834,"page_4_web"
830,"page_4_web"
1840,"page_8_web"
752,"page_7_web"
207,"page_8_web"
1788,"page_5_web"
659,"page_2_web"
1601,"page_1_web"
1852,"page_8_web"
454,"page_8_web"
353,"page_4_web"
580,"page_7_web"
389,"page_3_web"
868,"page_6_web"
550,"page_6_web"
1152,"page_6_web"
352,"page_2_web"
1688,"page_2_web"
1818,"page_3_web"
1875,"page_3_web"
119,"page_2_web"
321,"page_6_web"
623,"page_8_web"
1368,"page_3_web"
517,"page_1_web"
1266,"page_7_web"
1578,"page_4_web"
517,"page_5_web"
586,"page_2_web"
349,"page_3_web"
691,"page_6_web"
1248,"page_2_web"
1319,"page_5_web"
912,"page_5_web"
1566,"page_7_web"
500,"page_3_web"
1481,"page_7_web"
1194,"page_1_web"
464,"page_2_web"
1417,"page_6_web"
1521,"page_2_web"
966,"page_6_web"
426,"page_5_web"
400,"page_5_web"
687,"page_1_web"
1163,"page_7_web"
1337,"page_8_web"
589,"page_3_web"
681,"page_8_web"
1774,"page_4_web"
417,"page_7_web"
862,"page_8_web"
1487,"page_5_web"
94,"page_1_web"
553,"page_7_web"
1654,"page_7_web"
129,"page_3_web"
672,"page_4_web"
1009,"page_1_web"
739,"page_5_web"
735,"page_4_web"
1271,"page_6_web"
1451,"page_5_web"
237,"page_1_web"
462,"page_8_web"
1561,"page_6_web"
1061,"page_5_web"
1506,"page_2_web"
1415,"page_2_web"
651,"page_8_web"
1667,"page_1_web"
299,"page_2_web"
1219,"page_3_web"
557,"page_3_web"
209,"page_4_web"
1088,"page_3_web"
150,"page_6_web"
809,"page_3_web"
1533,"page_7_web"
1239,"page_5_web"
975,"page_7_web"
661,"page_8_web"
1878,"page_3_web"
64,"page_5_web"
1799,"page_3_web"
1216,"page_6_web"
902,"page_6_web"
1420,"page_4_web"
501,"page_1_web"
1023,"page_6_web"
1964,"page_5_web"
770,"page_6_web"
792,"page_7_web"
1293,"page_8_web"
792,"page_1_web"
456,"page_4_web"
792,"page_4_web"
546,"page_4_web"
1837,"page_2_web"
1887,"page_4_web"
950,"page_5_web"
598,"page_8_web"
545,"page_6_web"
128,"page_8_web"
1550,"page_5_web"
321,"page_1_web"
1773,"page_5_web"
225,"page_8_web"
1640,"page_7_web"
1866,"page_6_web"
618,"page_1_web"
452,"page_8_web"
848,"page_8_web"
1431,"page_8_web"
300,"page_5_web"
1962,"page_1_web"
1855,"page_8_web"
513,"page_2_web"
38,"page_5_web"
1252,"page_1_web"
1295,"page_6_web"
1689,"page_2_web"
666,"page_1_web"
1585,"page_8_web"
1683,"page_6_web"
323,"page_2_web"
476,"page_2_web"
387,"page_4_web"
1022,"page_3_web"
1728,"page_6_web"
1899,"page_3_web"
1825,"page_5_web"
985,"page_6_web"
385,"page_5_web"
1858,"page_8_web"
272,"page_7_web"
598,"page_3_web"
1105,"page_8_web"
419,"page_1_web"
1394,"page_3_web"
414,"page_4_web"
420,"page_1_web"
1948,"page_8_web"
609,"page_4_web"
831,"page_1_web"
1186,"page_4_web"
1326,"page_2_web"
1286,"page_2_web"
566,"page_3_web"
1543,"page_5_web"
920,"page_8_web"
302,"page_2_web"
863,"page_4_web"
1847,"page_3_web"
1763,"page_1_web"
1779,"page_1_web"
298,"page_3_web"
1135,"page_4_web"
883,"page_3_web"
591,"page_3_web"
1648,"page_1_web"
568,"page_3_web"
1883,"page_3_web"
1111,"page_6_web"
133,"page_5_web"
1458,"page_7_web"
1573,"page_1_web"
98,"page_7_web"
1774,"page_5_web"
396,"page_4_web"
717,"page_2_web"
400,"page_8_web"
55,"page_4_web"
1042,"page_7_web"
1189,"page_3_web"
223,"page_1_web"
1655,"page_6_web"
280,"page_4_web"
924,"page_8_web"
255,"page_3_web"
1666,"page_1_web"
772,"page_2_web"
13,"page_6_web"
1483,"page_5_web"
648,"page_1_web"
1662,"page_6_web"
1681,"page_5_web"
283,"page_8_web"
30,"page_1_web"
1001,"page_8_web"
944,"page_2_web"
1229,"page_4_web"
345,"page_4_web"
1245,"page_5_web"
1452,"page_2_web"
564,"page_6_web"
311,"page_6_web"
1776,"page_3_web"
890,"page_4_web"
1251,"page_1_web"
1106,"page_3_web"
1348,"page_7_web"
294,"page_7_web"
275,"page_3_web"
1679,"page_1_web"
1714,"page_2_web"
946,"page_6_web"
491,"page_7_web"
1634,"page_6_web"
1352,"page_8_web"
1450,"page_7_web"
401,"page_5_web"
1220,"page_4_web"
744,"page_3_web"
1220,"page_2_web"
1965,"page_8_web"
959,"page_2_web"
973,"page_8_web"
1552,"page_5_web"
1152,"page_2_web"
796,"page_6_web"
814,"page_6_web"
1949,"page_2_web"
647,"page_8_web"
930,"page_5_web"
1863,"page_4_web"
352,"page_3_web"
912,"page_3_web"
1231,"page_1_web"
1397,"page_4_web"
1342,"page_8_web"
116,"page_1_web"
1908,"page_1_web"
1524,"page_8_web"
544,"page_5_web"
1471,"page_4_web"
1964,"page_1_web"
1588,"page_6_web"
803,"page_6_web"
304,"page_6_web"
1857,"page_8_web"
619,"page_3_web"
577,"page_8_web"
1694,"page_5_web"
1031,"page_4_web"
1871,"page_5_web"
465,"page_5_web"
699,"page_1_web"
216,"page_3_web"
843,"page_8_web"
853,"page_8_web"
780,"page_7_web"
1659,"page_6_web"
1024,"page_7_web"
1512,"page_1_web"
464,"page_2_web"
1552,"page_6_web"
1293,"page_3_web"
1175,"page_6_web"
611,"page_4_web"
240,"page_3_web"
390,"page_6_web"
418,"page_7_web"
1029,"page_8_web"
1711,"page_8_web"
359,"page_2_web"
280,"page_8_web"
1379,"page_3_web"
521,"page_4_web"
707,"page_6_web"
1897,"page_5_web"
604,"page_8_web"
705,"page_3_web"
1600,"page_3_web"
52,"page_7_web"
1696,"page_8_web"
76,"page_4_web"
1489,"page_3_web"
349,"page_1_web"
61,"page_8_web"
1551,"page_5_web"
736,"page_2_web"
112,"page_1_web"
1970,"page_3_web"
625,"page_5_web"
658,"page_8_web"
230,"page_4_web"
421,"page_3_web"
1534,"page_6_web"
1245,"page_5_web"
649,"page_1_web"
191,"page_5_web"
490,"page_5_web"
597,"page_1_web"
1859,"page_6_web"
1421,"page_4_web"
716,"page_5_web"
784,"page_2_web"
415,"page_8_web"
1433,"page_3_web"
1076,"page_1_web"
491,"page_5_web"
1172,"page_1_web"
1914,"page_6_web"
1858,"page_8_web"
954,"page_8_web"
1382,"page_7_web"
316,"page_4_web"
1643,"page_8_web"
875,"page_5_web"
1887,"page_6_web"
138,"page_3_web"
678,"page_1_web"
28,"page_7_web"
1492,"page_1_web"
1578,"page_7_web"
1630,"page_5_web"
548,"page_1_web"
1424,"page_5_web"
1047,"page_6_web"
1120,"page_1_web"
418,"page_3_web"
1597,"page_7_web"
739,"page_3_web"
191,"page_7_web"
367,"page_2_web"
284,"page_2_web"
1854,"page_5_web"
347,"page_7_web"
315,"page_7_web"
502,"page_1_web"
598,"page_6_web"
1,"page_8_web"
464,"page_5_web"
1390,"page_4_web"
42,"page_2_web"
1967,"page_7_web"
1890,"page_3_web"
1319,"page_8_web"
990,"page_1_web"
789,"page_2_web"
1394,"page_2_web"
1758,"page_8_web"
623,"page_3_web"
122,"page_8_web"
1727,"page_5_web"
570,"page_6_web"
1694,"page_4_web"
927,"page_3_web"
712,"page_3_web"
504,"page_7_web"
1998,"page_1_web"
967,"page_5_web"
728,"page_5_web"
1028,"page_3_web"
1310,"page_3_web"
1459,"page_5_web"
1494,"page_2_web"
398,"page_6_web"
1410,"page_4_web"
1771,"page_8_web"
1696,"page_2_web"
1729,"page_2_web"
1441,"page_1_web"
943,"page_1_web"
879,"page_1_web"
1370,"page_4_web"
250,"page_1_web"
1310,"page_7_web"
777,"page_1_web"
375,"page_5_web"
1895,"page_7_web"
1234,"page_3_web"
5,"page_5_web"
500,"page_7_web"
702,"page_7_web"
1337,"page_5_web"
420,"page_1_web"
283,"page_1_web"
1479,"page_1_web"
600,"page_1_web"
1618,"page_7_web"
1546,"page_1_web"
1859,"page_3_web"
1350,"page_3_web"
1899,"page_2_web"
1634,"page_1_web"
1081,"page_8_web"
552,"page_7_web"
1428,"page_8_web"
726,"page_6_web"
1562,"page_5_web"
1966,"page_1_web"
932,"page_7_web"
1271,"page_1_web"
1170,"page_7_web"
1899,"page_5_web"
624,"page_2_web"
785,"page_3_web"
1510,"page_2_web"
224,"page_8_web"
510,"page_8_web"
867,"page_8_web"
1514,"page_8_web"
424,"page_7_web"
794,"page_7_web"
1539,"page_6_web"
1992,"page_8_web"
1688,"page_8_web"
6,"page_3_web"
1123,"page_1_web"
1512,"page_2_web"
374,"page_8_web"
272,"page_6_web"
1390,"page_3_web"
501,"page_2_web"
1892,"page_2_web"
1413,"page_8_web"
1419,"page_2_web"
490,"page_6_web"
1701,"page_1_web"
1886,"page_7_web"
129,"page_3_web"
254,"page_5_web"
885,"page_5_web"
1001,"page_6_web"
1948,"page_6_web"
1009,"page_7_web"
1369,"page_2_web"
652,"page_6_web"
1035,"page_5_web"
352,"page_8_web"
1905,"page_1_web"
986,"page_7_web"
881,"page_4_web"
1319,"page_3_web"
1905,"page_1_web"
1961,"page_4_web"
1399,"page_1_web"
1936,"page_3_web"
1281,"page_7_web"
460,"page_1_web"
1912,"page_5_web"
1813,"page_7_web"
187,"page_3_web"
1619,"page_4_web"
897,"page_6_web"
4,"page_6_web"
460,"page_6_web"
581,"page_7_web"
359,"page_7_web"
1147,"page_2_web"
661,"page_8_web"
1436,"page_8_web"
1973,"page_6_web"
662,"page_1_web"
1243,"page_3_web"
174,"page_8_web"
645,"page_5_web"
1332,"page_3_web"
1375,"page_7_web"
441,"page_7_web"
922,"page_2_web"
1710,"page_6_web"
1499,"page_3_web"
490,"page_7_web"
708,"page_2_web"
968,"page_1_web"
1521,"page_6_web"
1894,"page_6_web"
846,"page_7_web"
432,"page_7_web"
1053,"page_5_web"
1939,"page_2_web"
536,"page_4_web"
1460,"page_8_web"
1434,"page_7_web"
133,"page_4_web"
1885,"page_2_web"
1414,"page_8_web"
1956,"page_7_web"
886,"page_1_web"
764,"page_6_web"
1366,"page_1_web"
1118,"page_7_web"
834,"page_4_web"
133,"page_3_web"
197,"page_7_web"
137,"page_2_web"
627,"page_8_web"
1952,"page_7_web"
1920,"page_8_web"
102,"page_8_web"
1459,"page_5_web"
691,"page_3_web"
220,"page_8_web"
1259,"page_6_web"
446,"page_4_web"
347,"page_5_web"
258,"page_3_web"
314,"page_6_web"
206,"page_4_web"
876,"page_7_web"
1761,"page_7_web"
1103,"page_6_web"
659,"page_5_web"
348,"page_6_web"
1867,"page_4_web"
1857,"page_8_web"
723,"page_4_web"
1287,"page_1_web"
220,"page_7_web"
1620,"page_4_web"
1118,"page_4_web"
1878,"page_7_web"
462,"page_1_web"
815,"page_7_web"
1131,"page_1_web"
391,"page_1_web"
760,"page_2_web"
1626,"page_8_web"
1784,"page_5_web"
895,"page_3_web"
111,"page_7_web"
616,"page_5_web"
1892,"page_7_web"
444,"page_2_web"
996,"page_4_web"
130,"page_4_web"
1862,"page_8_web"
1377,"page_6_web"
967,"page_3_web"
81,"page_4_web"
1196,"page_8_web"
1409,"page_6_web"
1688,"page_7_web"
1637,"page_4_web"
426,"page_4_web"
422,"page_1_web"
915,"page_1_web"
1764,"page_6_web"
1571,"page_2_web"
1725,"page_1_web"
1618,"page_8_web"
174,"page_1_web"
23,"page_6_web"
495,"page_5_web"
1866,"page_6_web"
923,"page_4_web"
1346,"page_6_web"
1663,"page_4_web"
648,"page_5_web"
1011,"page_8_web"
114,"page_5_web"
1701,"page_8_web"
622,"page_1_web"
1476,"page_3_web"
1040,"page_2_web"
1171,"page_8_web"
464,"page_8_web"
1753,"page_4_web"
1828,"page_8_web"
389,"page_6_web"
1638,"page_6_web"
1284,"page_8_web"
1417,"page_6_web"
1932,"page_5_web"
1834,"page_8_web"
815,"page_3_web"
1943,"page_4_web"
726,"page_1_web"
1279,"page_5_web"
1018,"page_7_web"
863,"page_2_web"
273,"page_2_web"
1263,"page_3_web"
1218,"page_1_web"
1362,"page_7_web"
1003,"page_8_web"
175,"page_7_web"
71,"page_6_web"
963,"page_7_web"
238,"page_1_web"
582,"page_5_web"
1191,"page_2_web"
748,"page_5_web"
1648,"page_3_web"
1375,"page_7_web"
111,"page_7_web"
1843,"page_6_web"
1470,"page_2_web"
930,"page_5_web"
1537,"page_8_web"
1488,"page_5_web"
387,"page_6_web"
1129,"page_2_web"
1172,"page_2_web"
1190,"page_8_web"
134,"page_2_web"
1952,"page_8_web"
787,"page_3_web"
1756,"page_4_web"
1905,"page_1_web"
1763,"page_2_web"
545,"page_1_web"
26,"page_5_web"
1006,"page_5_web"
1177,"page_3_web"
719,"page_8_web"
378,"page_1_web"
1872,"page_7_web"
391,"page_4_web"
1800,"page_2_web"
1189,"page_5_web"
1734,"page_2_web"
854,"page_7_web"
96,"page_7_web"
1883,"page_4_web"
1098,"page_7_web"
1807,"page_1_web"
155,"page_6_web"
393,"page_7_web"
1728,"page_6_web"
784,"page_5_web"
402,"page_6_web"
13,"page_7_web"
85,"page_5_web"
144,"page_4_web"
1952,"page_7_web"
899,"page_2_web"
102,"page_4_web"
283,"page_4_web"
169,"page_1_web"
1357,"page_6_web"
900,"page_6_web"
1954,"page_8_web"
389,"page_7_web"
1127,"page_7_web"
1549,"page_5_web"
1620,"page_8_web"
46,"page_8_web"
327,"page_2_web"
1052,"page_4_web"
1202,"page_3_web"
1828,"page_7_web"
1713,"page_4_web"
1870,"page_4_web"
431,"page_4_web"
614,"page_8_web"
985,"page_5_web"
172,"page_7_web"
1518,"page_4_web"
17,"page_6_web"
879,"page_5_web"
1727,"page_8_web"
1335,"page_7_web"
1531,"page_7_web"
294,"page_2_web"
332,"page_8_web"
993,"page_5_web"
709,"page_2_web"
1010,"page_6_web"
123,"page_4_web"
1061,"page_5_web"
1045,"page_7_web"
1881,"page_7_web"
1280,"page_3_web"
353,"page_1_web"
105,"page_8_web"
1671,"page_4_web"
1304,"page_6_web"
1132,"page_6_web"
1513,"page_4_web"
1152,"page_5_web"
1520,"page_1_web"
134,"page_3_web"
1580,"page_6_web"
1491,"page_8_web"
119,"page_7_web"
371,"page_8_web"
539,"page_8_web"
1205,"page_8_web"
1264,"page_5_web"
470,"page_7_web"
634,"page_6_web"
424,"page_6_web"
1621,"page_8_web"
1326,"page_4_web"
1770,"page_6_web"
76,"page_7_web"
1619,"page_1_web"
1444,"page_3_web"
1166,"page_7_web"
1149,"page_4_web"
738,"page_6_web"
844,"page_7_web"
1545,"page_1_web"
47,"page_1_web"
1705,"page_5_web"
898,"page_6_web"
1133,"page_7_web"
1569,"page_7_web"
886,"page_2_web"
84,"page_6_web"
948,"page_8_web"
1811,"page_7_web"
534,"page_7_web"
953,"page_6_web"
396,"page_2_web"
42,"page_4_web"
160,"page_3_web"
1890,"page_5_web"
1494,"page_8_web"
782,"page_2_web"
1509,"page_7_web"
1129,"page_3_web"
1057,"page_6_web"
1290,"page_5_web"
1984,"page_1_web"
1874,"page_3_web"
1499,"page_4_web"
1219,"page_5_web"
1693,"page_4_web"
401,"page_3_web"
694,"page_7_web"
896,"page_7_web"
1624,"page_4_web"
1855,"page_7_web"
1459,"page_6_web"
1430,"page_5_web"
1718,"page_7_web"
684,"page_1_web"
1821,"page_7_web"
787,"page_2_web"
1883,"page_1_web"
33,"page_8_web"
1624,"page_1_web"
1600,"page_5_web"
1207,"page_6_web"
334,"page_7_web"
1633,"page_4_web"
972,"page_8_web"
905,"page_2_web"
1953,"page_1_web"
1178,"page_7_web"
1485,"page_3_web"
1125,"page_5_web"
1340,"page_7_web"
1079,"page_2_web"
1338,"page_5_web"
1275,"page_3_web"
928,"page_1_web"
1627,"page_4_web"
86,"page_1_web"
1037,"page_4_web"
1111,"page_8_web"
1789,"page_3_web"
1903,"page_8_web"
630,"page_4_web"
320,"page_4_web"
670,"page_3_web"
207,"page_6_web"
715,"page_6_web"
278,"page_1_web"
898,"page_7_web"
912,"page_2_web"
1246,"page_4_web"
1719,"page_2_web"
1548,"page_1_web"
152,"page_1_web"
1100,"page_6_web"
526,"page_5_web"
1928,"page_8_web"
175,"page_8_web"
1292,"page_2_web"
632,"page_8_web"
1009,"page_4_web"
841,"page_4_web"
955,"page_1_web"
16,"page_1_web"
1368,"page_1_web"
727,"page_5_web"
406,"page_1_web"
1289,"page_8_web"
1687,"page_3_web"
1031,"page_6_web"
1252,"page_8_web"
94,"page_5_web"
1026,"page_4_web"
274,"page_1_web"
937,"page_6_web"
331,"page_2_web"
1533,"page_7_web"
913,"page_6_web"
141,"page_8_web"
325,"page_4_web"
1970,"page_7_web"
446,"page_6_web"
1622,"page_1_web"
1269,"page_4_web"
1499,"page_3_web"
603,"page_4_web"
846,"page_1_web"
534,"page_4_web"
1416,"page_2_web"
1576,"page_2_web"
1187,"page_2_web"
1068,"page_5_web"
17,"page_3_web"
93,"page_7_web"
1321,"page_6_web"
1542,"page_4_web"
1841,"page_6_web"
379,"page_7_web"
895,"page_1_web"
1620,"page_6_web"
215,"page_3_web"
1108,"page_4_web"
748,"page_1_web"
1113,"page_6_web"
202,"page_1_web"
1488,"page_7_web"
473,"page_2_web"
758,"page_1_web"
1678,"page_7_web"
785,"page_1_web"
1654,"page_7_web"
937,"page_3_web"
1007,"page_3_web"
1293,"page_7_web"
1601,"page_3_web"
466,"page_6_web"
854,"page_6_web"
679,"page_2_web"
428,"page_8_web"
1278,"page_5_web"
723,"page_5_web"
11,"page_7_web"
46,"page_2_web"
808,"page_8_web"
1246,"page_4_web"
150,"page_7_web"
1537,"page_3_web"
1737,"page_7_web"
1543,"page_1_web"
1112,"page_8_web"
1173,"page_8_web"
1011,"page_4_web"
9,"page_5_web"
845,"page_5_web"
1492,"page_3_web"
55,"page_3_web"
659,"page_8_web"
577,"page_5_web"
1390,"page_4_web"
1975,"page_7_web"
416,"page_6_web"
1809,"page_8_web"
978,"page_6_web"
1776,"page_4_web"
1984,"page_7_web"
662,"page_1_web"
1861,"page_5_web"
1230,"page_2_web"
1032,"page_7_web"
1322,"page_4_web"
1100,"page_2_web"
131,"page_4_web"
378,"page_2_web"
590,"page_5_web"
1029,"page_6_web"
1093,"page_5_web"
1104,"page_1_web"
1584,"page_2_web"
1322,"page_4_web"
309,"page_7_web"
1264,"page_3_web"
1595,"page_4_web"
320,"page_5_web"
1872,"page_8_web"
1477,"page_7_web"
405,"page_4_web"
703,"page_1_web"
49,"page_8_web"
872,"page_1_web"
812,"page_2_web"
289,"page_1_web"
134,"page_1_web"
254,"page_1_web"
570,"page_8_web"
1545,"page_1_web"
471,"page_5_web"
1537,"page_3_web"
1679,"page_2_web"
1627,"page_5_web"
866,"page_1_web"
1908,"page_6_web"
704,"page_4_web"
833,"page_3_web"
259,"page_3_web"
1752,"page_5_web"
1053,"page_3_web"
775,"page_7_web"
398,"page_6_web"
714,"page_2_web"
1730,"page_7_web"
22,"page_2_web"
388,"page_2_web"
1628,"page_3_web"
377,"page_8_web"
932,"page_5_web"
1158,"page_4_web"
432,"page_7_web"
257,"page_7_web"
1983,"page_3_web"
1098,"page_4_web"
1047,"page_4_web"
798,"page_3_web"
1759,"page_2_web"
969,"page_5_web"
840,"page_3_web"
1678,"page_5_web"
1796,"page_4_web"
1761,"page_4_web"
1623,"page_2_web"
1128,"page_3_web"
1272,"page_4_web"
1981,"page_5_web"
1309,"page_6_web"
1542,"page_7_web"
1111,"page_7_web"
1653,"page_2_web"
1290,"page_2_web"
422,"page_8_web"
738,"page_8_web"
112,"page_6_web"
867,"page_7_web"
1462,"page_5_web"
413,"page_8_web"
1687,"page_2_web"
1390,"page_3_web"
232,"page_8_web"
1777,"page_1_web"
391,"page_8_web"
18,"page_2_web"
931,"page_2_web"
1196,"page_4_web"
86,"page_3_web"
1882,"page_3_web"
1073,"page_4_web"
568,"page_5_web"
89,"page_6_web"
1494,"page_7_web"
495,"page_1_web"
709,"page_1_web"
